ID,From_Varient,To_Varient,WO,Updated_by,Updated_dt,Approved_by,Approved_dt
1,PTN LB (Colossus),PTN LB (Colossus),0,System,20:58.7,NULL,NULL
2,PTN LB (Colossus),PTN HFC (Colossus),0,System,20:58.7,NULL,NULL
3,PTN LB (Colossus),PTN AD (Colossus),0,System,20:58.7,NULL,NULL
4,PTN LB (Colossus),PTN TDC (Colossus),0,System,20:58.7,NULL,NULL
5,PTN LB (Colossus),PTN SSC/ DMR (Colossus),0,System,20:58.7,NULL,NULL
6,PTN LB (Colossus),H&S BC,0,System,20:58.7,NULL,NULL
7,PTN LB (Colossus),H&S DSC,0,System,20:58.7,NULL,NULL
8,PTN LB (Colossus),H&S SS,0,System,20:58.7,NULL,NULL
9,PTN LB (Colossus),H&S AHF,0,System,20:58.7,NULL,NULL
10,PTN LB (Colossus),H&S SB,0,System,20:58.7,NULL,NULL
11,PTN HFC (Colossus),PTN LB (Colossus),0,System,20:58.7,NULL,NULL
12,PTN HFC (Colossus),PTN HFC (Colossus),0,System,20:58.7,NULL,NULL
13,PTN HFC (Colossus),PTN AD (Colossus),0,System,20:58.7,NULL,NULL
14,PTN HFC (Colossus),PTN TDC (Colossus),0,System,20:58.7,NULL,NULL
15,PTN HFC (Colossus),PTN SSC/ DMR (Colossus),0,System,20:58.7,NULL,NULL
16,PTN HFC (Colossus),H&S BC,0,System,20:58.7,NULL,NULL
17,PTN HFC (Colossus),H&S DSC,0,System,20:58.7,NULL,NULL
18,PTN HFC (Colossus),H&S SS,0,System,20:58.7,NULL,NULL
19,PTN HFC (Colossus),H&S AHF,0,System,20:58.7,NULL,NULL
20,PTN HFC (Colossus),H&S SB,0,System,20:58.7,NULL,NULL
21,PTN AD (Colossus),PTN LB (Colossus),0,System,20:58.7,NULL,NULL
22,PTN AD (Colossus),PTN HFC (Colossus),0,System,20:58.7,NULL,NULL
23,PTN AD (Colossus),PTN AD (Colossus),0,System,20:58.7,NULL,NULL
24,PTN AD (Colossus),PTN TDC (Colossus),0,System,20:58.7,NULL,NULL
25,PTN AD (Colossus),PTN SSC/ DMR (Colossus),0,System,20:58.7,NULL,NULL
26,PTN AD (Colossus),H&S BC,0,System,20:58.7,NULL,NULL
27,PTN AD (Colossus),H&S DSC,0,System,20:58.7,NULL,NULL
28,PTN AD (Colossus),H&S SS,0,System,20:58.7,NULL,NULL
29,PTN AD (Colossus),H&S AHF,0,System,20:58.7,NULL,NULL
30,PTN AD (Colossus),H&S SB,0,System,20:58.7,NULL,NULL
31,PTN TDC (Colossus),PTN LB (Colossus),0,System,20:58.7,NULL,NULL
32,PTN TDC (Colossus),PTN HFC (Colossus),0,System,20:58.7,NULL,NULL
33,PTN TDC (Colossus),PTN AD (Colossus),0,System,20:58.7,NULL,NULL
34,PTN TDC (Colossus),PTN TDC (Colossus),0,System,20:58.7,NULL,NULL
35,PTN TDC (Colossus),PTN SSC/ DMR (Colossus),0,System,20:58.7,NULL,NULL
36,PTN TDC (Colossus),H&S BC,0,System,20:58.7,NULL,NULL
37,PTN TDC (Colossus),H&S DSC,0,System,20:58.7,NULL,NULL
38,PTN TDC (Colossus),H&S SS,0,System,20:58.7,NULL,NULL
39,PTN TDC (Colossus),H&S AHF,0,System,20:58.7,NULL,NULL
40,PTN TDC (Colossus),H&S SB,0,System,20:58.7,NULL,NULL
41,PTN SSC/ DMR (Colossus),PTN LB (Colossus),0,System,20:58.7,NULL,NULL
42,PTN SSC/ DMR (Colossus),PTN HFC (Colossus),0,System,20:58.7,NULL,NULL
43,PTN SSC/ DMR (Colossus),PTN AD (Colossus),0,System,20:58.7,NULL,NULL
44,PTN SSC/ DMR (Colossus),PTN TDC (Colossus),0,System,20:58.7,NULL,NULL
45,PTN SSC/ DMR (Colossus),PTN SSC/ DMR (Colossus),0,System,20:58.7,NULL,NULL
46,PTN SSC/ DMR (Colossus),H&S BC,0,System,20:58.7,NULL,NULL
47,PTN SSC/ DMR (Colossus),H&S DSC,0,System,20:58.7,NULL,NULL
48,PTN SSC/ DMR (Colossus),H&S SS,0,System,20:58.7,NULL,NULL
49,PTN SSC/ DMR (Colossus),H&S AHF,0,System,20:58.7,NULL,NULL
50,PTN SSC/ DMR (Colossus),H&S SB,0,System,20:58.7,NULL,NULL
51,H&S BC,PTN LB (Colossus),0,System,20:58.7,NULL,NULL
52,H&S BC,PTN HFC (Colossus),0,System,20:58.7,NULL,NULL
53,H&S BC,PTN AD (Colossus),0,System,20:58.7,NULL,NULL
54,H&S BC,PTN TDC (Colossus),0,System,20:58.7,NULL,NULL
55,H&S BC,PTN SSC/ DMR (Colossus),0,System,20:58.7,NULL,NULL
56,H&S BC,H&S BC,0,System,20:58.7,NULL,NULL
57,H&S BC,H&S DSC,0,System,20:58.7,NULL,NULL
58,H&S BC,H&S SS,0,System,20:58.7,NULL,NULL
59,H&S BC,H&S AHF,0,System,20:58.7,NULL,NULL
60,H&S BC,H&S SB,0,System,20:58.7,NULL,NULL
61,H&S DSC,PTN LB (Colossus),1,System,20:58.7,NULL,NULL
62,H&S DSC,PTN HFC (Colossus),1,System,20:58.7,NULL,NULL
63,H&S DSC,PTN AD (Colossus),1,System,20:58.7,NULL,NULL
64,H&S DSC,PTN TDC (Colossus),1,System,20:58.7,NULL,NULL
65,H&S DSC,PTN SSC/ DMR (Colossus),1,System,20:58.7,NULL,NULL
66,H&S DSC,H&S BC,1,System,20:58.7,NULL,NULL
67,H&S DSC,H&S DSC,0,System,20:58.7,NULL,NULL
68,H&S DSC,H&S SS,0,System,20:58.7,NULL,NULL
69,H&S DSC,H&S AHF,0,System,20:58.7,NULL,NULL
70,H&S DSC,H&S SB,0,System,20:58.7,NULL,NULL
71,H&S SS,PTN LB (Colossus),1,System,20:58.7,NULL,NULL
72,H&S SS,PTN HFC (Colossus),1,System,20:58.7,NULL,NULL
73,H&S SS,PTN AD (Colossus),1,System,20:58.7,NULL,NULL
74,H&S SS,PTN TDC (Colossus),1,System,20:58.7,NULL,NULL
75,H&S SS,PTN SSC/ DMR (Colossus),1,System,20:58.7,NULL,NULL
76,H&S SS,H&S BC,1,System,20:58.7,NULL,NULL
77,H&S SS,H&S DSC,0,System,20:58.7,NULL,NULL
78,H&S SS,H&S SS,0,System,20:58.7,NULL,NULL
79,H&S SS,H&S AHF,0,System,20:58.7,NULL,NULL
80,H&S SS,H&S SB,0,System,20:58.7,NULL,NULL
91,H&S SB,PTN LB (Colossus),1,System,20:58.7,NULL,NULL
92,H&S SB,PTN HFC (Colossus),1,System,20:58.7,NULL,NULL
93,H&S SB,PTN AD (Colossus),1,System,20:58.7,NULL,NULL
94,H&S SB,PTN TDC (Colossus),1,System,20:58.7,NULL,NULL
95,H&S SB,PTN SSC/ DMR (Colossus),1,System,20:58.7,NULL,NULL
96,H&S SB,H&S BC,1,System,20:58.7,NULL,NULL
97,H&S SB,H&S DSC,0,System,20:58.7,NULL,NULL
98,H&S SB,H&S SS,0,System,20:58.7,NULL,NULL
99,H&S SB,H&S AHF,0,System,20:58.7,NULL,NULL
100,H&S SB,H&S SB,0,System,20:58.7,NULL,NULL
101,H&S SS 2IN1,H&S AHF,0,kumar.a.34@pg.com,01:00.0,digitalbaddinews.im@pg.com,32:22.4
102,H&S SS 2IN1,H&S BC,1,kumar.a.34@pg.com,01:00.0,digitalbaddinews.im@pg.com,32:22.4
103,H&S SS 2IN1,H&S DSC,0,kumar.a.34@pg.com,01:00.0,digitalbaddinews.im@pg.com,32:22.4
104,H&S SS 2IN1,H&S SB,0,kumar.a.34@pg.com,01:00.0,digitalbaddinews.im@pg.com,32:22.5
105,H&S SS 2IN1,H&S SS,0,kumar.a.34@pg.com,01:00.0,digitalbaddinews.im@pg.com,32:22.5
106,H&S SS 2IN1,H&S SS 2IN1,0,kumar.a.34@pg.com,01:00.0,digitalbaddinews.im@pg.com,32:22.5
107,H&S SS 2IN1,PTN AD (Colossus),1,kumar.a.34@pg.com,01:00.0,digitalbaddinews.im@pg.com,32:22.5
108,H&S SS 2IN1,PTN HFC (Colossus),1,kumar.a.34@pg.com,01:00.0,digitalbaddinews.im@pg.com,32:22.5
109,H&S SS 2IN1,PTN LB (Colossus),1,kumar.a.34@pg.com,01:00.0,digitalbaddinews.im@pg.com,32:22.5
110,H&S SS 2IN1,PTN SSC/ DMR (Colossus),1,kumar.a.34@pg.com,01:00.0,digitalbaddinews.im@pg.com,32:22.6
111,H&S SS 2IN1,PTN TDC (Colossus),1,kumar.a.34@pg.com,01:00.0,digitalbaddinews.im@pg.com,32:22.6
113,H&S DSC,H&S SS 2IN1,0,pujari.ds@pg.com,09:00.0,digitalbaddinews.im@pg.com,22:38.0
114,H&S SB,H&S SS 2IN1,0,pujari.ds@pg.com,10:00.0,digitalbaddinews.im@pg.com,22:38.0
115,H&S SS,H&S SS 2IN1,0,pujari.ds@pg.com,11:00.0,digitalbaddinews.im@pg.com,22:38.1
116,H&S SS 2IN1,H&S SS 2IN1,0,pujari.ds@pg.com,11:00.0,digitalbaddinews.im@pg.com,22:38.1
117,H&S BC,H&S SS 2IN1,0,pujari.ds@pg.com,13:00.0,digitalbaddinews.im@pg.com,22:38.1
118,PTN AD (Colossus),H&S SS 2IN1,0,pujari.ds@pg.com,14:00.0,digitalbaddinews.im@pg.com,22:38.2
119,PTN HFC (Colossus),H&S SS 2IN1,0,pujari.ds@pg.com,15:00.0,digitalbaddinews.im@pg.com,22:38.2
120,PTN LB (Colossus),H&S SS 2IN1,0,pujari.ds@pg.com,15:00.0,digitalbaddinews.im@pg.com,22:38.2
121,PTN SSC/ DMR (Colossus),H&S SS 2IN1,0,pujari.ds@pg.com,16:00.0,digitalbaddinews.im@pg.com,22:38.3
122,PTN TDC (Colossus),H&S SS 2IN1,0,pujari.ds@pg.com,16:00.0,digitalbaddinews.im@pg.com,22:38.3
123,H&S AHF,H&S SS 2IN1,0,pujari.ds@pg.com,01:00.0,sharma.b.10@pg.com,05:17.4
124,H&S AHF,H&S BC,1,pujari.ds@pg.com,01:00.0,digitalbaddinews.im@pg.com,16:56.0
125,H&S AHF,PTN LB (Colossus),1,pujari.ds@pg.com,01:00.0,digitalbaddinews.im@pg.com,17:11.3
126,H&S AHF,PTN HFC (Colossus),1,pujari.ds@pg.com,01:00.0,digitalbaddinews.im@pg.com,17:11.3
127,H&S AHF,PTN AD (Colossus),1,pujari.ds@pg.com,01:00.0,digitalbaddinews.im@pg.com,17:11.4
128,H&S AHF,PTN TDC (Colossus),1,pujari.ds@pg.com,01:00.0,digitalbaddinews.im@pg.com,17:11.4
129,H&S AHF,PTN SSC/ DMR (Colossus),1,pujari.ds@pg.com,01:00.0,digitalbaddinews.im@pg.com,17:11.4
130,H&S AHF,H&S DSC,0,pujari.ds@pg.com,01:00.0,digitalbaddinews.im@pg.com,17:11.4
131,H&S AHF,H&S SS,0,pujari.ds@pg.com,01:00.0,digitalbaddinews.im@pg.com,17:11.4
132,H&S AHF,H&S AHF,0,pujari.ds@pg.com,01:00.0,digitalbaddinews.im@pg.com,17:11.4
133,H&S AHF,H&S SB,0,pujari.ds@pg.com,01:00.0,digitalbaddinews.im@pg.com,17:11.4
134,HC Base,H&S AHF,1,pujari.ds@pg.com,39:00.0,digitalbaddinews.im@pg.com,57:18.2
135,HC Base,H&S BC,1,pujari.ds@pg.com,39:00.0,digitalbaddinews.im@pg.com,57:18.2
136,HC Base,H&S DSC,1,pujari.ds@pg.com,39:00.0,digitalbaddinews.im@pg.com,57:18.2
137,HC Base,H&S SB,1,pujari.ds@pg.com,39:00.0,digitalbaddinews.im@pg.com,57:18.3
138,HC Base,H&S SS,1,pujari.ds@pg.com,39:00.0,digitalbaddinews.im@pg.com,57:18.3
139,HC Base,H&S SS 2IN1,1,pujari.ds@pg.com,39:00.0,digitalbaddinews.im@pg.com,57:18.3
140,HC Base,PTN AD (Colossus),1,pujari.ds@pg.com,39:00.0,digitalbaddinews.im@pg.com,57:18.3
141,HC Base,PTN HFC (Colossus),1,pujari.ds@pg.com,39:00.0,digitalbaddinews.im@pg.com,57:18.3
142,HC Base,PTN LB (Colossus),1,pujari.ds@pg.com,39:00.0,digitalbaddinews.im@pg.com,57:18.3
143,HC Base,PTN SSC/ DMR (Colossus),1,pujari.ds@pg.com,39:00.0,digitalbaddinews.im@pg.com,57:18.4
144,HC Base,PTN TDC (Colossus),1,pujari.ds@pg.com,39:00.0,digitalbaddinews.im@pg.com,57:18.4
147,H&S AHF,HC Base,1,pujari.ds@pg.com,01:57.4,digitalbaddinews.im@pg.com,57:18.4
149,H&S BC,HC Base,1,pujari.ds@pg.com,03:31.3,NULL,NULL
150,PTN LB (Colossus),HC Base,1,System,03:31.3,NULL,NULL
151,PTN HFC (Colossus),HC Base,1,System,03:31.3,NULL,NULL
152,PTN AD (Colossus),HC Base,1,System,03:31.3,NULL,NULL
153,PTN TDC (Colossus),HC Base,1,System,03:31.3,NULL,NULL
154,PTN SSC/ DMR (Colossus),HC Base,1,System,03:31.3,NULL,NULL
155,H&S DSC,HC Base,1,System,03:31.3,NULL,NULL
156,H&S SS,HC Base,1,System,03:31.3,NULL,NULL
157,H&S SS 2IN1,HC Base,1,System,03:31.3,NULL,NULL
158,H&S SB,HC Base,1,System,03:31.3,NULL,NULL
159,HC Base,HC Base,0,pujari.ds@pg.com,39:00.0,digitalbaddinews.im@pg.com,57:18.3
160,PTN NST,H&S AHF,0,kumar.a.34@pg.com,00:00.0,sharma.b.10@pg.com,03:50.0
161,PTN NST,H&S BC,0,kumar.a.34@pg.com,00:00.0,sharma.b.10@pg.com,03:50.0
162,PTN NST,H&S DSC,0,kumar.a.34@pg.com,00:00.0,sharma.b.10@pg.com,03:50.0
163,PTN NST,H&S SB,0,kumar.a.34@pg.com,00:00.0,sharma.b.10@pg.com,03:50.0
164,PTN NST,H&S SS,0,kumar.a.34@pg.com,00:00.0,sharma.b.10@pg.com,03:50.0
165,PTN NST,H&S SS 2IN1,0,kumar.a.34@pg.com,00:00.0,sharma.b.10@pg.com,03:50.0
166,PTN NST,HC Base,1,kumar.a.34@pg.com,00:00.0,sharma.b.10@pg.com,03:50.1
167,PTN NST,PTN AD (Colossus),0,kumar.a.34@pg.com,00:00.0,sharma.b.10@pg.com,03:50.1
168,PTN NST,PTN HFC (Colossus),0,kumar.a.34@pg.com,00:00.0,sharma.b.10@pg.com,03:50.1
169,PTN NST,PTN LB (Colossus),0,kumar.a.34@pg.com,00:00.0,sharma.b.10@pg.com,03:50.1
170,PTN NST,PTN NST,0,kumar.a.34@pg.com,00:00.0,sharma.b.10@pg.com,03:50.1
171,PTN NST,PTN SSC/ DMR (Colossus),0,kumar.a.34@pg.com,00:00.0,sharma.b.10@pg.com,03:50.1
172,PTN NST,PTN TDC (Colossus),0,kumar.a.34@pg.com,00:00.0,sharma.b.10@pg.com,03:50.1
175,PTN LB (Colossus),PTN NST,0,System,20:44.1,NULL,NULL
176,PTN HFC (Colossus),PTN NST,0,System,21:38.8,NULL,NULL
177,PTN AD (Colossus),PTN NST,0,System,22:22.5,NULL,NULL
178,PTN TDC (Colossus),PTN NST,0,System,22:47.5,NULL,NULL
179,PTN SSC/ DMR (Colossus),PTN NST,0,System,23:23.2,NULL,NULL
180,PTN NST,PTN NST,0,System,24:13.5,NULL,NULL
181,H&S BC,PTN NST,0,System,25:12.6,NULL,NULL
182,H&S DSC,PTN NST,1,System,26:04.3,NULL,NULL
183,H&S SS,PTN NST,1,System,26:42.9,NULL,NULL
184,H&S SS 2IN1,PTN NST,1,System,27:04.7,NULL,NULL
185,H&S SB,PTN NST,1,System,28:04.4,NULL,NULL
186,H&S AHF,PTN NST,1,System,28:55.7,NULL,NULL
187,HC Base,PTN NST,1,System,29:49.1,NULL,NULL
188,H&S Basic Cool,PTN LB (Colossus),0,System,35:59.2,NULL,NULL
189,H&S Basic Cool,PTN HFC (Colossus),0,System,35:59.2,NULL,NULL
190,H&S Basic Cool,PTN AD (Colossus),0,System,35:59.2,NULL,NULL
191,H&S Basic Cool,PTN TDC (Colossus),0,System,35:59.2,NULL,NULL
192,H&S Basic Cool,PTN SSC/ DMR (Colossus),0,System,35:59.2,NULL,NULL
193,H&S Basic Cool,H&S BC,0,System,35:59.2,NULL,NULL
194,H&S Basic Cool,H&S DSC,0,System,35:59.2,NULL,NULL
195,H&S Basic Cool,H&S SS,0,System,35:59.2,NULL,NULL
196,H&S Basic Cool,H&S AHF,0,System,35:59.2,NULL,NULL
197,H&S Basic Cool,H&S SB,0,System,35:59.2,NULL,NULL
198,H&S Basic Cool,PTN NST,0,System,35:59.2,NULL,NULL
199,H&S Basic Cool,H&S Basic Smooth,0,System,35:59.2,NULL,NULL
200,H&S Basic Cool,H&S SS 2IN1,0,System,35:59.2,NULL,NULL
201,H&S Basic Cool,H&S Basic Cool,0,System,35:59.2,NULL,NULL
202,PTN LB (Colossus),H&S Basic Cool,0,System,35:59.2,NULL,NULL
203,PTN HFC (Colossus),H&S Basic Cool,0,System,35:59.2,NULL,NULL
204,PTN AD (Colossus),H&S Basic Cool,0,System,35:59.2,NULL,NULL
205,PTN TDC (Colossus),H&S Basic Cool,0,System,35:59.2,NULL,NULL
206,PTN SSC/ DMR (Colossus),H&S Basic Cool,0,System,35:59.2,NULL,NULL
207,H&S BC,H&S Basic Cool,0,System,35:59.2,NULL,NULL
208,H&S DSC,H&S Basic Cool,1,System,35:59.2,NULL,NULL
209,H&S SS,H&S Basic Cool,1,System,35:59.2,NULL,NULL
210,H&S AHF,H&S Basic Cool,1,System,35:59.2,NULL,NULL
211,H&S SB,H&S Basic Cool,1,System,35:59.2,NULL,NULL
212,PTN NST,H&S Basic Cool,0,System,35:59.2,NULL,NULL
213,H&S Basic Smooth,H&S Basic Cool,0,System,35:59.2,NULL,NULL
214,H&S SS 2IN1,H&S Basic Cool,1,System,35:59.2,NULL,NULL
215,H&S Basic Smooth,PTN LB (Colossus),0,System,35:59.2,NULL,NULL
216,H&S Basic Smooth,PTN HFC (Colossus),0,System,35:59.2,NULL,NULL
217,H&S Basic Smooth,PTN AD (Colossus),0,System,35:59.2,NULL,NULL
218,H&S Basic Smooth,PTN TDC (Colossus),0,System,35:59.2,NULL,NULL
219,H&S Basic Smooth,PTN SSC/ DMR (Colossus),0,System,35:59.2,NULL,NULL
220,H&S Basic Smooth,H&S BC,0,System,35:59.2,NULL,NULL
221,H&S Basic Smooth,H&S DSC,0,System,35:59.2,NULL,NULL
222,H&S Basic Smooth,H&S SS,0,System,35:59.2,NULL,NULL
223,H&S Basic Smooth,H&S AHF,0,System,35:59.2,NULL,NULL
224,H&S Basic Smooth,H&S SB,0,System,35:59.2,NULL,NULL
225,H&S Basic Smooth,PTN NST,0,System,35:59.2,NULL,NULL
226,H&S Basic Smooth,H&S Basic Smooth,0,System,35:59.2,NULL,NULL
227,H&S Basic Smooth,H&S SS 2IN1,0,System,35:59.2,NULL,NULL
228,H&S Basic Smooth,H&S Basic Cool,0,System,35:59.2,NULL,NULL
229,PTN LB (Colossus),H&S Basic Smooth,0,System,35:59.2,NULL,NULL
230,PTN HFC (Colossus),H&S Basic Smooth,0,System,35:59.2,NULL,NULL
231,PTN AD (Colossus),H&S Basic Smooth,0,System,35:59.2,NULL,NULL
232,PTN TDC (Colossus),H&S Basic Smooth,0,System,35:59.2,NULL,NULL
233,PTN SSC/ DMR (Colossus),H&S Basic Smooth,0,System,35:59.2,NULL,NULL
234,H&S BC,H&S Basic Smooth,0,System,35:59.2,NULL,NULL
235,H&S DSC,H&S Basic Smooth,1,System,35:59.2,NULL,NULL
236,H&S SS,H&S Basic Smooth,1,System,35:59.2,NULL,NULL
237,H&S AHF,H&S Basic Smooth,1,System,35:59.2,NULL,NULL
238,H&S SB,H&S Basic Smooth,1,System,35:59.2,NULL,NULL
239,PTN NST,H&S Basic Smooth,0,System,35:59.2,NULL,NULL
240,H&S SS 2IN1,H&S Basic Smooth,1,System,35:59.2,NULL,NULL
241,H&S Basic Cool,H&S Basic Smooth,0,System,35:59.2,NULL,NULL
242,H&S Basic Cool,HC Base,1,System,35:59.2,NULL,NULL
243,HC Base,H&S Basic Cool,1,System,35:59.2,NULL,NULL
244,H&S Basic Smooth,HC Base,1,System,35:59.2,NULL,NULL
245,HC Base,H&S Basic Smooth,1,System,35:59.2,NULL,NULL
246,H&S AHF 2IN1,H&S AHF,0,System,21:06.9,NULL,NULL
247,H&S AHF 2IN1,H&S AHF 2IN1,0,System,21:07.2,NULL,NULL
248,H&S AHF 2IN1,H&S Basic Cool,1,System,21:07.7,NULL,NULL
249,H&S AHF 2IN1,H&S Basic Smooth,1,System,21:07.8,NULL,NULL
250,H&S AHF 2IN1,H&S BC,1,System,21:07.9,NULL,NULL
251,H&S AHF 2IN1,H&S SB,0,System,21:08.2,NULL,NULL
252,H&S AHF 2IN1,H&S SB 2IN1,0,System,21:08.5,NULL,NULL
253,H&S AHF 2IN1,H&S SS,0,System,21:08.7,NULL,NULL
254,H&S AHF 2IN1,H&S SS 2IN1,0,System,21:09.0,NULL,NULL
255,H&S AHF 2IN1,HC Base,1,System,21:09.3,NULL,NULL
256,H&S AHF 2IN1,PTN AD (Colossus),1,System,21:09.4,NULL,NULL
257,H&S AHF 2IN1,PTN HFC (Colossus),1,System,21:09.6,NULL,NULL
258,H&S AHF 2IN1,PTN LB (Colossus),1,System,21:09.8,NULL,NULL
259,H&S AHF 2IN1,PTN NST,1,System,21:10.0,NULL,NULL
260,H&S AHF 2IN1,PTN SSC/ DMR (Colossus),1,System,21:10.1,NULL,NULL
261,H&S AHF 2IN1,PTN TDC (Colossus),1,System,21:10.3,NULL,NULL
262,H&S AHF,H&S AHF 2IN1,0,System,21:10.4,NULL,NULL
263,H&S Basic Cool,H&S AHF 2IN1,0,System,21:10.7,NULL,NULL
264,H&S Basic Smooth,H&S AHF 2IN1,0,System,21:10.8,NULL,NULL
265,H&S BC,H&S AHF 2IN1,0,System,21:11.0,NULL,NULL
266,H&S SB,H&S AHF 2IN1,0,System,21:11.1,NULL,NULL
268,H&S SS,H&S AHF 2IN1,0,System,21:11.4,NULL,NULL
269,H&S SS 2IN1,H&S AHF 2IN1,0,System,21:11.5,NULL,NULL
270,HC Base,H&S AHF 2IN1,1,System,21:11.6,NULL,NULL
271,PTN AD (Colossus),H&S AHF 2IN1,0,System,21:11.7,NULL,NULL
272,PTN HFC (Colossus),H&S AHF 2IN1,0,System,21:11.8,NULL,NULL
273,PTN LB (Colossus),H&S AHF 2IN1,0,System,21:11.9,NULL,NULL
274,PTN NST,H&S AHF 2IN1,0,System,21:12.0,NULL,NULL
275,PTN SSC/ DMR (Colossus),H&S AHF 2IN1,0,System,21:12.1,NULL,NULL
276,PTN TDC (Colossus),H&S AHF 2IN1,0,System,21:12.2,NULL,NULL
277,H&S SB 2IN1,H&S AHF,0,System,21:12.3,NULL,NULL
278,H&S SB 2IN1,H&S AHF 2IN1,0,System,21:12.5,NULL,NULL
279,H&S SB 2IN1,H&S Basic Cool,1,System,21:12.7,NULL,NULL
280,H&S SB 2IN1,H&S Basic Smooth,1,System,21:12.8,NULL,NULL
281,H&S SB 2IN1,H&S BC,1,System,21:13.0,NULL,NULL
282,H&S SB 2IN1,H&S SB,0,System,21:13.2,NULL,NULL
283,H&S SB 2IN1,H&S SB 2IN1,0,System,21:13.3,NULL,NULL
284,H&S SB 2IN1,H&S SS,0,System,21:13.4,NULL,NULL
285,H&S SB 2IN1,H&S SS 2IN1,0,System,21:13.5,NULL,NULL
286,H&S SB 2IN1,HC Base,1,System,21:13.6,NULL,NULL
287,H&S SB 2IN1,PTN AD (Colossus),1,System,21:13.8,NULL,NULL
288,H&S SB 2IN1,PTN HFC (Colossus),1,System,21:13.9,NULL,NULL
289,H&S SB 2IN1,PTN LB (Colossus),1,System,21:14.0,NULL,NULL
290,H&S SB 2IN1,PTN NST,1,System,21:14.1,NULL,NULL
291,H&S SB 2IN1,PTN SSC/ DMR (Colossus),1,System,21:14.2,NULL,NULL
292,H&S SB 2IN1,PTN TDC (Colossus),1,System,21:14.3,NULL,NULL
293,H&S AHF,H&S SB 2IN1,0,System,21:14.5,NULL,NULL
295,H&S Basic Cool,H&S SB 2IN1,0,System,21:14.6,NULL,NULL
296,H&S Basic Smooth,H&S SB 2IN1,0,System,21:14.7,NULL,NULL
297,H&S BC,H&S SB 2IN1,0,System,21:14.8,NULL,NULL
298,H&S SB,H&S SB 2IN1,0,System,21:15.0,NULL,NULL
299,H&S SS,H&S SB 2IN1,0,System,21:15.1,NULL,NULL
300,H&S SS 2IN1,H&S SB 2IN1,0,System,21:15.3,NULL,NULL
301,HC Base,H&S SB 2IN1,1,System,21:15.6,NULL,NULL
302,PTN AD (Colossus),H&S SB 2IN1,0,System,21:15.8,NULL,NULL
303,PTN HFC (Colossus),H&S SB 2IN1,0,System,21:15.9,NULL,NULL
304,PTN LB (Colossus),H&S SB 2IN1,0,System,21:16.0,NULL,NULL
305,PTN NST,H&S SB 2IN1,0,System,21:16.2,NULL,NULL
306,PTN SSC/ DMR (Colossus),H&S SB 2IN1,0,System,21:16.3,NULL,NULL
307,PTN TDC (Colossus),H&S SB 2IN1,0,System,21:17.5,NULL,NULL
1354,H&S Max Cool,H&S AHF,0,System,36:39.8,NULL,NULL
1355,H&S Max Cool,H&S AHF 2IN1,0,System,36:40.0,NULL,NULL
1356,H&S Max Cool,H&S Basic Cool,0,System,36:40.2,NULL,NULL
1357,H&S Max Cool,H&S Basic Smooth,0,System,36:40.4,NULL,NULL
1358,H&S Max Cool,H&S BC,0,System,36:40.7,NULL,NULL
1359,H&S Max Cool,H&S Max Cool,0,System,36:40.9,NULL,NULL
1360,H&S Max Cool,H&S SB,0,System,36:41.1,NULL,NULL
1361,H&S Max Cool,H&S SB 2IN1,0,System,36:41.4,NULL,NULL
1362,H&S Max Cool,H&S SS,0,System,36:41.7,NULL,NULL
1363,H&S Max Cool,H&S SS 2IN1,0,System,36:41.9,NULL,NULL
1364,H&S Max Cool,HC Base,1,System,36:42.1,NULL,NULL
1365,H&S Max Cool,PTN AD (Colossus),0,System,36:42.3,NULL,NULL
1368,H&S AHF,H&S Max Cool,1,System,36:43.0,NULL,NULL
1369,H&S AHF 2IN1,H&S Max Cool,1,System,36:43.2,NULL,NULL
1370,H&S Basic Cool,H&S Max Cool,0,System,36:43.4,NULL,NULL
1371,H&S Basic Smooth,H&S Max Cool,0,System,36:43.6,NULL,NULL
1372,H&S BC,H&S Max Cool,0,System,36:43.9,NULL,NULL
1373,H&S SB,H&S Max Cool,1,System,36:44.2,NULL,NULL
1374,H&S SB 2IN1,H&S Max Cool,1,System,36:44.4,NULL,NULL
1375,H&S SS,H&S Max Cool,1,System,36:44.7,NULL,NULL
1376,H&S SS 2IN1,H&S Max Cool,1,System,36:45.0,NULL,NULL
1377,HC Base,H&S Max Cool,1,System,36:45.3,NULL,NULL
1378,PTN AD (Colossus),H&S Max Cool,0,System,36:45.5,NULL,NULL
1381,H&S AHF,Pantene Pro-V Hair Fall Protect Shampoo,1,System,12:13.6,NULL,NULL
1382,H&S AHF 2IN1,Pantene Pro-V Hair Fall Protect Shampoo,1,System,12:22.6,NULL,NULL
1383,H&S Basic Cool,Pantene Pro-V Hair Fall Protect Shampoo,0,System,12:31.4,NULL,NULL
1384,H&S Basic Smooth,Pantene Pro-V Hair Fall Protect Shampoo,0,System,12:38.9,NULL,NULL
1385,H&S BC,Pantene Pro-V Hair Fall Protect Shampoo,0,System,12:47.2,NULL,NULL
1386,H&S Max Cool,Pantene Pro-V Hair Fall Protect Shampoo,0,System,12:55.3,NULL,NULL
1387,H&S Neem,Pantene Pro-V Hair Fall Protect Shampoo,0,System,13:04.9,NULL,NULL
1388,H&S Neem C&PS,Pantene Pro-V Hair Fall Protect Shampoo,1,System,13:12.3,NULL,NULL
1389,H&S SB,Pantene Pro-V Hair Fall Protect Shampoo,1,System,13:21.6,NULL,NULL
1390,H&S SB 2IN1,Pantene Pro-V Hair Fall Protect Shampoo,1,System,13:31.6,NULL,NULL
1391,H&S SS,Pantene Pro-V Hair Fall Protect Shampoo,1,System,13:40.1,NULL,NULL
1392,H&S SS 2IN1,Pantene Pro-V Hair Fall Protect Shampoo,1,System,13:50.7,NULL,NULL
1393,HC Base,Pantene Pro-V Hair Fall Protect Shampoo,1,System,14:00.6,NULL,NULL
1394,Pantene Pro-V Hair Fall Protect Shampoo,Pantene Pro-V Hair Fall Protect Shampoo,0,System,14:10.3,NULL,NULL
1395,PTN AD (Colossus),Pantene Pro-V Hair Fall Protect Shampoo,0,System,14:18.5,NULL,NULL
1398,Pantene Pro-V Hair Fall Protect Shampoo,H&S AHF,0,System,14:44.5,NULL,NULL
1399,Pantene Pro-V Hair Fall Protect Shampoo,H&S AHF 2IN1,0,System,14:53.4,NULL,NULL
1400,Pantene Pro-V Hair Fall Protect Shampoo,H&S Basic Cool,0,System,15:04.2,NULL,NULL
1401,Pantene Pro-V Hair Fall Protect Shampoo,H&S Basic Smooth,0,System,15:13.3,NULL,NULL
1402,Pantene Pro-V Hair Fall Protect Shampoo,H&S BC,0,System,15:23.4,NULL,NULL
1403,Pantene Pro-V Hair Fall Protect Shampoo,H&S Max Cool,0,System,15:33.6,NULL,NULL
1404,Pantene Pro-V Hair Fall Protect Shampoo,H&S Neem,0,System,15:43.0,NULL,NULL
1405,Pantene Pro-V Hair Fall Protect Shampoo,H&S Neem C&PS,0,System,15:54.2,NULL,NULL
1406,Pantene Pro-V Hair Fall Protect Shampoo,H&S SB,0,System,16:02.9,NULL,NULL
1407,Pantene Pro-V Hair Fall Protect Shampoo,H&S SB 2IN1,0,System,16:13.2,NULL,NULL
1408,Pantene Pro-V Hair Fall Protect Shampoo,H&S SS,0,System,16:22.2,NULL,NULL
1409,Pantene Pro-V Hair Fall Protect Shampoo,H&S SS 2IN1,0,System,16:33.5,NULL,NULL
1410,Pantene Pro-V Hair Fall Protect Shampoo,HC Base,1,System,16:44.4,NULL,NULL
1411,Pantene Pro-V Hair Fall Protect Shampoo,PTN AD (Colossus),0,System,16:54.5,NULL,NULL
1414,H&S AHF,H&S Neem,1,System,28:40.3,NULL,NULL
1415,H&S AHF 2IN1,H&S Neem,1,System,28:49.5,NULL,NULL
1416,H&S Basic Cool,H&S Neem,0,System,28:59.7,NULL,NULL
1417,H&S Basic Smooth,H&S Neem,0,System,29:08.9,NULL,NULL
1418,H&S BC,H&S Neem,0,System,29:16.3,NULL,NULL
1419,H&S Max Cool,H&S Neem,0,System,29:22.7,NULL,NULL
1420,H&S Neem,H&S Neem,0,System,29:30.3,NULL,NULL
1421,H&S Neem C&PS,H&S Neem,1,System,29:39.0,NULL,NULL
1422,H&S SB,H&S Neem,1,System,29:47.5,NULL,NULL
1423,H&S SB 2IN1,H&S Neem,1,System,29:57.7,NULL,NULL
1424,H&S SS,H&S Neem,1,System,30:07.3,NULL,NULL
1425,H&S SS 2IN1,H&S Neem,1,System,30:15.8,NULL,NULL
1426,HC Base,H&S Neem,1,System,30:25.0,NULL,NULL
1427,Pantene Pro-V Hair Fall Protect Shampoo,H&S Neem,0,System,30:34.2,NULL,NULL
1428,PTN AD (Colossus),H&S Neem,0,System,30:48.9,NULL,NULL
1431,H&S Neem,H&S AHF,0,System,31:20.9,NULL,NULL
1432,H&S Neem,H&S AHF 2IN1,0,System,31:32.0,NULL,NULL
1433,H&S Neem,H&S Basic Cool,0,System,31:44.5,NULL,NULL
1434,H&S Neem,H&S Basic Smooth,0,System,31:53.9,NULL,NULL
1435,H&S Neem,H&S BC,0,System,32:04.1,NULL,NULL
1436,H&S Neem,H&S Max Cool,0,System,32:31.3,NULL,NULL
1437,H&S Neem,H&S Neem C&PS,0,System,32:49.2,NULL,NULL
1438,H&S Neem,H&S SB,0,System,33:14.6,NULL,NULL
1439,H&S Neem,H&S SB 2IN1,0,System,33:31.1,NULL,NULL
1440,H&S Neem,H&S SS,0,System,33:52.8,NULL,NULL
1441,H&S Neem,H&S SS 2IN1,0,System,34:08.2,NULL,NULL
1442,H&S Neem,HC Base,1,System,34:24.6,NULL,NULL
1443,H&S Neem,Pantene Pro-V Hair Fall Protect Shampoo,0,System,34:45.8,NULL,NULL
1444,H&S Neem,PTN AD (Colossus),0,System,35:07.1,NULL,NULL
1447,H&S AHF,H&S Neem C&PS,0,System,37:53.2,NULL,NULL
1448,H&S AHF 2IN1,H&S Neem C&PS,0,System,38:04.3,NULL,NULL
1449,H&S Basic Cool,H&S Neem C&PS,0,System,38:13.7,NULL,NULL
1450,H&S Basic Smooth,H&S Neem C&PS,0,System,38:22.3,NULL,NULL
1451,H&S BC,H&S Neem C&PS,0,System,38:31.2,NULL,NULL
1452,H&S Max Cool,H&S Neem C&PS,0,System,38:41.7,NULL,NULL
1453,H&S Neem,H&S Neem C&PS,0,System,38:50.6,NULL,NULL
1454,H&S Neem C&PS,H&S Neem C&PS,0,System,39:01.5,NULL,NULL
1455,H&S SB,H&S Neem C&PS,0,System,39:10.7,NULL,NULL
1456,H&S SB 2IN1,H&S Neem C&PS,0,System,39:18.6,NULL,NULL
1457,H&S SS,H&S Neem C&PS,0,System,39:28.9,NULL,NULL
1458,H&S SS 2IN1,H&S Neem C&PS,0,System,39:38.7,NULL,NULL
1459,HC Base,H&S Neem C&PS,1,System,39:47.7,NULL,NULL
1460,Pantene Pro-V Hair Fall Protect Shampoo,H&S Neem C&PS,0,System,39:56.7,NULL,NULL
1461,PTN AD (Colossus),H&S Neem C&PS,0,System,40:07.0,NULL,NULL
1464,H&S Neem C&PS,H&S AHF,0,System,40:32.3,NULL,NULL
1465,H&S Neem C&PS,H&S AHF 2IN1,0,System,40:40.2,NULL,NULL
1466,H&S Neem C&PS,H&S Basic Cool,1,System,40:47.0,NULL,NULL
1467,H&S Neem C&PS,H&S Basic Smooth,1,System,40:54.5,NULL,NULL
1468,H&S Neem C&PS,H&S BC,1,System,41:03.8,NULL,NULL
1469,H&S Neem C&PS,H&S Max Cool,1,System,41:12.9,NULL,NULL
1470,H&S Neem C&PS,H&S Neem,1,System,41:20.8,NULL,NULL
1471,H&S Neem C&PS,H&S SB,0,System,41:29.4,NULL,NULL
1472,H&S Neem C&PS,H&S SB 2IN1,0,System,41:40.0,NULL,NULL
1473,H&S Neem C&PS,H&S SS,0,System,41:48.9,NULL,NULL
1474,H&S Neem C&PS,H&S SS 2IN1,0,System,41:57.3,NULL,NULL
1475,H&S Neem C&PS,HC Base,1,System,42:05.6,NULL,NULL
1476,H&S Neem C&PS,Pantene Pro-V Hair Fall Protect Shampoo,1,System,42:13.9,NULL,NULL
1477,H&S Neem C&PS,PTN AD (Colossus),1,System,42:22.8,NULL,NULL
1480,H&S Basic smooth (Climbazole),H&S Basic Clean (Climbazole),0,System,40:25.7,NULL,NULL
1481,H&S Basic smooth (Climbazole),H&S Basic Cool (Climbazole),0,System,40:34.7,NULL,NULL
1482,H&S Basic smooth (Climbazole),H&S Basic smooth (Climbazole),0,System,40:42.7,NULL,NULL
1483,H&S Basic smooth (Climbazole),H&S Neem,0,System,40:50.6,NULL,NULL
1484,H&S Basic smooth (Climbazole),HC Base,1,System,40:58.8,NULL,NULL
1485,H&S Basic smooth (Climbazole),Pantene Pro-V Hair Fall Protect Shampoo,0,System,41:07.3,NULL,NULL
1486,H&S Basic smooth (Climbazole),PTN AD (Colossus),0,System,41:16.0,NULL,NULL
1489,H&S Basic Clean (Climbazole),H&S Basic smooth (Climbazole),0,System,41:39.4,NULL,NULL
1490,H&S Basic Cool (Climbazole),H&S Basic smooth (Climbazole),0,System,41:46.1,NULL,NULL
1491,H&S Neem,H&S Basic smooth (Climbazole),0,System,41:54.0,NULL,NULL
1492,HC Base,H&S Basic smooth (Climbazole),1,System,42:01.4,NULL,NULL
1493,Pantene Pro-V Hair Fall Protect Shampoo,H&S Basic smooth (Climbazole),0,System,42:09.7,NULL,NULL
1494,PTN AD (Colossus),H&S Basic smooth (Climbazole),0,System,42:17.8,NULL,NULL
1497,H&S Basic Clean (Climbazole),H&S Basic Clean (Climbazole),0,System,44:28.9,NULL,NULL
1498,H&S Basic Clean (Climbazole),H&S Basic Cool (Climbazole),0,System,44:38.1,NULL,NULL
1499,H&S Basic Clean (Climbazole),H&S Basic smooth (Climbazole),0,System,44:49.0,NULL,NULL
1500,H&S Basic Clean (Climbazole),H&S Neem,0,System,44:59.6,NULL,NULL
1501,H&S Basic Clean (Climbazole),HC Base,1,System,45:10.4,NULL,NULL
1502,H&S Basic Clean (Climbazole),Pantene Pro-V Hair Fall Protect Shampoo,0,System,45:20.9,NULL,NULL
1503,H&S Basic Clean (Climbazole),PTN AD (Colossus),0,System,45:36.5,NULL,NULL
1506,H&S Basic Cool (Climbazole),H&S Basic Clean (Climbazole),0,System,46:38.1,NULL,NULL
1507,H&S Basic smooth (Climbazole),H&S Basic Clean (Climbazole),0,System,46:48.1,NULL,NULL
1508,H&S Neem,H&S Basic Clean (Climbazole),0,System,46:59.2,NULL,NULL
1509,HC Base,H&S Basic Clean (Climbazole),1,System,47:09.8,NULL,NULL
1510,Pantene Pro-V Hair Fall Protect Shampoo,H&S Basic Clean (Climbazole),0,System,47:22.6,NULL,NULL
1511,PTN AD (Colossus),H&S Basic Clean (Climbazole),0,System,47:33.9,NULL,NULL
1514,H&S Basic Cool (Climbazole),H&S Basic Clean (Climbazole),0,System,48:46.5,NULL,NULL
1515,H&S Basic Cool (Climbazole),H&S Basic Cool (Climbazole),0,System,48:56.6,NULL,NULL
1516,H&S Basic Cool (Climbazole),H&S Basic smooth (Climbazole),0,System,49:06.9,NULL,NULL
1517,H&S Basic Cool (Climbazole),H&S Neem,0,System,49:17.1,NULL,NULL
1518,H&S Basic Cool (Climbazole),HC Base,1,System,49:28.0,NULL,NULL
1519,H&S Basic Cool (Climbazole),Pantene Pro-V Hair Fall Protect Shampoo,0,System,49:37.7,NULL,NULL
1520,H&S Basic Cool (Climbazole),PTN AD (Colossus),0,System,49:48.6,NULL,NULL
1523,H&S Basic Clean (Climbazole),H&S Basic Cool (Climbazole),0,System,50:21.7,NULL,NULL
1524,H&S Basic smooth (Climbazole),H&S Basic Cool (Climbazole),0,System,50:32.5,NULL,NULL
1525,H&S Neem,H&S Basic Cool (Climbazole),0,System,50:46.4,NULL,NULL
1526,HC Base,H&S Basic Cool (Climbazole),1,System,50:57.6,NULL,NULL
1527,Pantene Pro-V Hair Fall Protect Shampoo,H&S Basic Cool (Climbazole),0,System,51:11.1,NULL,NULL
1528,PTN AD (Colossus),H&S Basic Cool (Climbazole),0,System,51:20.3,NULL,NULL
1530,H&S BC,H&S Basic Cool (Climbazole),0,System,56:08.9,NULL,NULL
1531,H&S BC,H&S Basic smooth (Climbazole),0,System,56:15.9,NULL,NULL
1532,H&S Basic Cool (Climbazole),H&S BC,0,System,56:22.3,NULL,NULL
1533,H&S Basic smooth (Climbazole),H&S BC,0,System,56:28.3,NULL,NULL
1535,H&S NEEM (Climbazole),H&S Basic Clean (Climbazole),0,System,56:57.3,NULL,NULL
1536,H&S NEEM (Climbazole),H&S Basic Cool (Climbazole),0,System,56:57.5,NULL,NULL
1537,H&S NEEM (Climbazole),H&S Basic smooth (Climbazole),0,System,56:57.6,NULL,NULL
1538,H&S NEEM (Climbazole),H&S NEEM (Climbazole),0,System,56:57.8,NULL,NULL
1539,H&S NEEM (Climbazole),HC Base,1,System,56:57.9,NULL,NULL
1540,H&S NEEM (Climbazole),Pantene Pro-V Hair Fall Protect Shampoo,0,System,56:58.1,NULL,NULL
1543,H&S Basic Clean (Climbazole),H&S NEEM (Climbazole),0,System,56:58.5,NULL,NULL
1544,H&S Basic Cool (Climbazole),H&S NEEM (Climbazole),0,System,56:58.6,NULL,NULL
1545,H&S Basic smooth (Climbazole),H&S NEEM (Climbazole),0,System,56:58.7,NULL,NULL
1546,HC Base,H&S NEEM (Climbazole),1,System,56:58.8,NULL,NULL
1547,Pantene Pro-V Hair Fall Protect Shampoo,H&S NEEM (Climbazole),0,System,56:58.9,NULL,NULL
1549,H&S Anti Dandruff Shampoo Cool Menthol (For Export only),H&S Basic Clean (Climbazole),0,System,44:11.7,NULL,NULL
1550,H&S Anti Dandruff Shampoo Cool Menthol (For Export only),H&S Basic Cool (Climbazole),0,System,44:11.9,NULL,NULL
1551,H&S Anti Dandruff Shampoo Cool Menthol (For Export only),H&S Basic smooth (Climbazole),0,System,44:12.4,NULL,NULL
1552,H&S Anti Dandruff Shampoo Cool Menthol (For Export only),H&S Neem (Climbazole),0,System,44:12.6,NULL,NULL
1553,H&S Anti Dandruff Shampoo Cool Menthol (For Export only),Pantene Pro-V Hair Fall Protect Shampoo,0,System,44:12.8,NULL,NULL
1554,H&S Anti Dandruff Shampoo Cool Menthol (For Export only),H&S Anti Dandruff Shampoo Anti hair Fall (for export only),0,System,44:12.9,NULL,NULL
1555,H&S Anti Dandruff Shampoo Cool Menthol (For Export only),H&S Anti Dandruff Shampoo Cool Menthol (For Export only),0,System,44:13.1,NULL,NULL
1557,H&S Anti Dandruff Shampoo Cool Menthol (For Export only),HC Base,1,System,44:13.5,NULL,NULL
1559,H&S Basic Clean (Climbazole),H&S Anti Dandruff Shampoo Cool Menthol (For Export only),0,System,44:13.9,NULL,NULL
1560,H&S Basic Cool (Climbazole),H&S Anti Dandruff Shampoo Cool Menthol (For Export only),0,System,44:14.0,NULL,NULL
1561,H&S Basic smooth (Climbazole),H&S Anti Dandruff Shampoo Cool Menthol (For Export only),0,System,44:14.2,NULL,NULL
1562,H&S Neem (Climbazole),H&S Anti Dandruff Shampoo Cool Menthol (For Export only),0,System,44:14.3,NULL,NULL
1563,Pantene Pro-V Hair Fall Protect Shampoo,H&S Anti Dandruff Shampoo Cool Menthol (For Export only),0,System,44:14.8,NULL,NULL
1564,H&S Anti Dandruff Shampoo Cool Menthol (For Export only),H&S Anti Dandruff Shampoo Cool Menthol (For Export only),0,System,44:15.1,NULL,NULL
1566,HC Base,H&S Anti Dandruff Shampoo Cool Menthol (For Export only),1,System,44:15.6,NULL,NULL
1568,H&S Anti Dandruff Shampoo Anti hair Fall (for export only),H&S Basic Clean (Climbazole),0,System,45:42.2,NULL,NULL
1569,H&S Anti Dandruff Shampoo Anti hair Fall (for export only),H&S Basic Cool (Climbazole),0,System,45:42.4,NULL,NULL
1570,H&S Anti Dandruff Shampoo Anti hair Fall (for export only),H&S Basic smooth (Climbazole),0,System,45:42.6,NULL,NULL
1571,H&S Anti Dandruff Shampoo Anti hair Fall (for export only),H&S Neem (Climbazole),0,System,45:42.7,NULL,NULL
1572,H&S Anti Dandruff Shampoo Anti hair Fall (for export only),Pantene Pro-V Hair Fall Protect Shampoo,0,System,45:42.9,NULL,NULL
1573,H&S Anti Dandruff Shampoo Anti hair Fall (for export only),H&S Anti Dandruff Shampoo Anti hair Fall (for export only),0,System,45:43.0,NULL,NULL
1574,H&S Anti Dandruff Shampoo Anti hair Fall (for export only),H&S Anti Dandruff Shampoo Cool Menthol (For Export only),0,System,45:43.2,NULL,NULL
1576,H&S Anti Dandruff Shampoo Anti hair Fall (for export only),HC Base,1,System,45:43.9,NULL,NULL
1578,H&S Basic Clean (Climbazole),H&S Anti Dandruff Shampoo Anti hair Fall (for export only),0,System,45:44.4,NULL,NULL
1579,H&S Basic Cool (Climbazole),H&S Anti Dandruff Shampoo Anti hair Fall (for export only),0,System,45:44.6,NULL,NULL
1580,H&S Basic smooth (Climbazole),H&S Anti Dandruff Shampoo Anti hair Fall (for export only),0,System,45:44.7,NULL,NULL
1581,H&S Neem (Climbazole),H&S Anti Dandruff Shampoo Anti hair Fall (for export only),0,System,45:44.9,NULL,NULL
1582,Pantene Pro-V Hair Fall Protect Shampoo,H&S Anti Dandruff Shampoo Anti hair Fall (for export only),0,System,45:45.1,NULL,NULL
1583,H&S Anti Dandruff Shampoo Cool Menthol (For Export only),H&S Anti Dandruff Shampoo Anti hair Fall (for export only),0,System,45:45.2,NULL,NULL
1585,HC Base,H&S Anti Dandruff Shampoo Anti hair Fall (for export only),1,System,45:45.6,NULL,NULL
1615,H&S 2in1 AD Shampoo + Conditioner Menthol Fresh,H&S 2in1 AD Shampoo + Conditioner Menthol Fresh,0,sharma.gs@pg.com,31:53.2,NULL,NULL
1616,H&S 2in1 AD Shampoo + Conditioner Menthol Fresh,H&S 2in1 AD Shampoo + Conditioner Shiny Black,0,sharma.gs@pg.com,31:53.3,NULL,NULL
1617,H&S 2in1 AD Shampoo + Conditioner Menthol Fresh,H&S 2in1 AD Shampoo + Conditioner Soft & Silky,0,sharma.gs@pg.com,31:53.4,NULL,NULL
1618,H&S 2in1 AD Shampoo + Conditioner Menthol Fresh,H&S Anti Dandruff Shampoo Anti hair Fall (for export only),0,sharma.gs@pg.com,31:53.4,NULL,NULL
1619,H&S 2in1 AD Shampoo + Conditioner Menthol Fresh,H&S Anti Dandruff Shampoo Cool Menthol (For Export only),0,sharma.gs@pg.com,31:53.5,NULL,NULL
1620,H&S 2in1 AD Shampoo + Conditioner Menthol Fresh,H&S Basic Clean (Climbazole),0,sharma.gs@pg.com,31:53.6,NULL,NULL
1621,H&S 2in1 AD Shampoo + Conditioner Menthol Fresh,H&S Basic Cool (Climbazole),0,sharma.gs@pg.com,31:53.7,NULL,NULL
1622,H&S 2in1 AD Shampoo + Conditioner Menthol Fresh,H&S Basic smooth (Climbazole),0,sharma.gs@pg.com,31:53.8,NULL,NULL
1623,H&S 2in1 AD Shampoo + Conditioner Menthol Fresh,H&S NEEM (Climbazole),0,sharma.gs@pg.com,31:53.9,NULL,NULL
1624,H&S 2in1 AD Shampoo + Conditioner Menthol Fresh,H&S Smooth & Silky (Export only),0,sharma.gs@pg.com,31:54.0,NULL,NULL
1625,H&S 2in1 AD Shampoo + Conditioner Menthol Fresh,HC Base,1,sharma.gs@pg.com,31:54.1,NULL,NULL
1626,H&S 2in1 AD Shampoo + Conditioner Menthol Fresh,Pantene Pro-V Hair Fall Protect Shampoo,0,sharma.gs@pg.com,31:54.2,NULL,NULL
1629,H&S 2in1 AD Shampoo + Conditioner Shiny Black,H&S 2in1 AD Shampoo + Conditioner Menthol Fresh,0,sharma.gs@pg.com,31:54.4,NULL,NULL
1630,H&S 2in1 AD Shampoo + Conditioner Soft & Silky,H&S 2in1 AD Shampoo + Conditioner Menthol Fresh,0,sharma.gs@pg.com,31:54.5,NULL,NULL
1631,H&S Anti Dandruff Shampoo Anti hair Fall (for export only),H&S 2in1 AD Shampoo + Conditioner Menthol Fresh,0,sharma.gs@pg.com,31:54.6,NULL,NULL
1632,H&S Anti Dandruff Shampoo Cool Menthol (For Export only),H&S 2in1 AD Shampoo + Conditioner Menthol Fresh,0,sharma.gs@pg.com,31:54.7,NULL,NULL
1633,H&S Basic Clean (Climbazole),H&S 2in1 AD Shampoo + Conditioner Menthol Fresh,0,sharma.gs@pg.com,31:54.8,NULL,NULL
1634,H&S Basic Cool (Climbazole),H&S 2in1 AD Shampoo + Conditioner Menthol Fresh,0,sharma.gs@pg.com,31:54.9,NULL,NULL
1635,H&S Basic smooth (Climbazole),H&S 2in1 AD Shampoo + Conditioner Menthol Fresh,0,sharma.gs@pg.com,31:55.0,NULL,NULL
1636,H&S NEEM (Climbazole),H&S 2in1 AD Shampoo + Conditioner Menthol Fresh,0,sharma.gs@pg.com,31:55.1,NULL,NULL
1637,H&S Smooth & Silky (Export only),H&S 2in1 AD Shampoo + Conditioner Menthol Fresh,0,sharma.gs@pg.com,31:55.2,NULL,NULL
1638,HC Base,H&S 2in1 AD Shampoo + Conditioner Menthol Fresh,1,sharma.gs@pg.com,31:55.3,NULL,NULL
1639,Pantene Pro-V Hair Fall Protect Shampoo,H&S 2in1 AD Shampoo + Conditioner Menthol Fresh,0,sharma.gs@pg.com,31:55.4,NULL,NULL
1642,H&S 2in1 AD Shampoo + Conditioner Soft & Silky,H&S 2in1 AD Shampoo + Conditioner Menthol Fresh,0,sharma.gs@pg.com,33:30.0,NULL,NULL
1643,H&S 2in1 AD Shampoo + Conditioner Soft & Silky,H&S 2in1 AD Shampoo + Conditioner Shiny Black,0,sharma.gs@pg.com,33:30.1,NULL,NULL
1644,H&S 2in1 AD Shampoo + Conditioner Soft & Silky,H&S 2in1 AD Shampoo + Conditioner Soft & Silky,0,sharma.gs@pg.com,33:30.2,NULL,NULL
1645,H&S 2in1 AD Shampoo + Conditioner Soft & Silky,H&S Anti Dandruff Shampoo Anti hair Fall (for export only),0,sharma.gs@pg.com,33:30.3,NULL,NULL
1646,H&S 2in1 AD Shampoo + Conditioner Soft & Silky,H&S Anti Dandruff Shampoo Cool Menthol (For Export only),0,sharma.gs@pg.com,33:30.4,NULL,NULL
1647,H&S 2in1 AD Shampoo + Conditioner Soft & Silky,H&S Basic Clean (Climbazole),0,sharma.gs@pg.com,33:30.5,NULL,NULL
1648,H&S 2in1 AD Shampoo + Conditioner Soft & Silky,H&S Basic Cool (Climbazole),0,sharma.gs@pg.com,33:30.6,NULL,NULL
1649,H&S 2in1 AD Shampoo + Conditioner Soft & Silky,H&S Basic smooth (Climbazole),0,sharma.gs@pg.com,33:30.7,NULL,NULL
1650,H&S 2in1 AD Shampoo + Conditioner Soft & Silky,H&S NEEM (Climbazole),0,sharma.gs@pg.com,33:30.8,NULL,NULL
1651,H&S 2in1 AD Shampoo + Conditioner Soft & Silky,H&S Smooth & Silky (Export only),0,sharma.gs@pg.com,33:30.9,NULL,NULL
1652,H&S 2in1 AD Shampoo + Conditioner Soft & Silky,HC Base,1,sharma.gs@pg.com,33:31.0,NULL,NULL
1653,H&S 2in1 AD Shampoo + Conditioner Soft & Silky,Pantene Pro-V Hair Fall Protect Shampoo,0,sharma.gs@pg.com,33:31.1,NULL,NULL
1656,H&S 2in1 AD Shampoo + Conditioner Menthol Fresh,H&S 2in1 AD Shampoo + Conditioner Soft & Silky,0,sharma.gs@pg.com,33:31.5,NULL,NULL
1657,H&S 2in1 AD Shampoo + Conditioner Shiny Black,H&S 2in1 AD Shampoo + Conditioner Soft & Silky,0,sharma.gs@pg.com,33:31.9,NULL,NULL
1658,H&S Anti Dandruff Shampoo Anti hair Fall (for export only),H&S 2in1 AD Shampoo + Conditioner Soft & Silky,0,sharma.gs@pg.com,33:31.9,NULL,NULL
1659,H&S Anti Dandruff Shampoo Cool Menthol (For Export only),H&S 2in1 AD Shampoo + Conditioner Soft & Silky,0,sharma.gs@pg.com,33:32.0,NULL,NULL
1660,H&S Basic Clean (Climbazole),H&S 2in1 AD Shampoo + Conditioner Soft & Silky,0,sharma.gs@pg.com,33:32.1,NULL,NULL
1661,H&S Basic Cool (Climbazole),H&S 2in1 AD Shampoo + Conditioner Soft & Silky,0,sharma.gs@pg.com,33:32.2,NULL,NULL
1662,H&S Basic smooth (Climbazole),H&S 2in1 AD Shampoo + Conditioner Soft & Silky,0,sharma.gs@pg.com,33:32.3,NULL,NULL
1663,H&S NEEM (Climbazole),H&S 2in1 AD Shampoo + Conditioner Soft & Silky,0,sharma.gs@pg.com,33:32.5,NULL,NULL
1664,H&S Smooth & Silky (Export only),H&S 2in1 AD Shampoo + Conditioner Soft & Silky,0,sharma.gs@pg.com,33:32.6,NULL,NULL
1665,HC Base,H&S 2in1 AD Shampoo + Conditioner Soft & Silky,1,sharma.gs@pg.com,33:32.7,NULL,NULL
1666,Pantene Pro-V Hair Fall Protect Shampoo,H&S 2in1 AD Shampoo + Conditioner Soft & Silky,0,sharma.gs@pg.com,33:32.8,NULL,NULL
1669,H&S Smooth & Silky (Export only),H&S 2in1 AD Shampoo + Conditioner Menthol Fresh,0,sharma.gs@pg.com,34:18.4,NULL,NULL
1670,H&S Smooth & Silky (Export only),H&S 2in1 AD Shampoo + Conditioner Shiny Black,0,sharma.gs@pg.com,34:18.5,NULL,NULL
1671,H&S Smooth & Silky (Export only),H&S 2in1 AD Shampoo + Conditioner Soft & Silky,0,sharma.gs@pg.com,34:18.5,NULL,NULL
1672,H&S Smooth & Silky (Export only),H&S Anti Dandruff Shampoo Anti hair Fall (for export only),0,sharma.gs@pg.com,34:18.6,NULL,NULL
1673,H&S Smooth & Silky (Export only),H&S Anti Dandruff Shampoo Cool Menthol (For Export only),0,sharma.gs@pg.com,34:18.7,NULL,NULL
1674,H&S Smooth & Silky (Export only),H&S Basic Clean (Climbazole),0,sharma.gs@pg.com,34:18.8,NULL,NULL
1675,H&S Smooth & Silky (Export only),H&S Basic Cool (Climbazole),0,sharma.gs@pg.com,34:19.2,NULL,NULL
1676,H&S Smooth & Silky (Export only),H&S Basic smooth (Climbazole),0,sharma.gs@pg.com,34:19.3,NULL,NULL
1677,H&S Smooth & Silky (Export only),H&S NEEM (Climbazole),0,sharma.gs@pg.com,34:19.4,NULL,NULL
1678,H&S Smooth & Silky (Export only),H&S Smooth & Silky (Export only),0,sharma.gs@pg.com,34:19.5,NULL,NULL
1679,H&S Smooth & Silky (Export only),HC Base,1,sharma.gs@pg.com,34:19.6,NULL,NULL
1680,H&S Smooth & Silky (Export only),Pantene Pro-V Hair Fall Protect Shampoo,0,sharma.gs@pg.com,34:19.7,NULL,NULL
1683,H&S 2in1 AD Shampoo + Conditioner Menthol Fresh,H&S Smooth & Silky (Export only),0,sharma.gs@pg.com,34:20.0,NULL,NULL
1684,H&S 2in1 AD Shampoo + Conditioner Shiny Black,H&S Smooth & Silky (Export only),0,sharma.gs@pg.com,34:20.1,NULL,NULL
1685,H&S 2in1 AD Shampoo + Conditioner Soft & Silky,H&S Smooth & Silky (Export only),0,sharma.gs@pg.com,34:20.2,NULL,NULL
1686,H&S Anti Dandruff Shampoo Anti hair Fall (for export only),H&S Smooth & Silky (Export only),0,sharma.gs@pg.com,34:20.2,NULL,NULL
1687,H&S Anti Dandruff Shampoo Cool Menthol (For Export only),H&S Smooth & Silky (Export only),0,sharma.gs@pg.com,34:20.3,NULL,NULL
1688,H&S Basic Clean (Climbazole),H&S Smooth & Silky (Export only),0,sharma.gs@pg.com,34:20.5,NULL,NULL
1689,H&S Basic Cool (Climbazole),H&S Smooth & Silky (Export only),0,sharma.gs@pg.com,34:20.7,NULL,NULL
1690,H&S Basic smooth (Climbazole),H&S Smooth & Silky (Export only),0,sharma.gs@pg.com,34:20.8,NULL,NULL
1691,H&S NEEM (Climbazole),H&S Smooth & Silky (Export only),0,sharma.gs@pg.com,34:20.9,NULL,NULL
1692,HC Base,H&S Smooth & Silky (Export only),1,sharma.gs@pg.com,34:21.0,NULL,NULL
1693,Pantene Pro-V Hair Fall Protect Shampoo,H&S Smooth & Silky (Export only),0,sharma.gs@pg.com,34:21.1,NULL,NULL
1696,H&S 2in1 AD Shampoo + Conditioner Shiny Black,H&S 2in1 AD Shampoo + Conditioner Menthol Fresh,0,sharma.gs@pg.com,35:33.8,NULL,NULL
1697,H&S 2in1 AD Shampoo + Conditioner Shiny Black,H&S 2in1 AD Shampoo + Conditioner Shiny Black,0,sharma.gs@pg.com,35:33.9,NULL,NULL
1698,H&S 2in1 AD Shampoo + Conditioner Shiny Black,H&S 2in1 AD Shampoo + Conditioner Soft & Silky,0,sharma.gs@pg.com,35:34.0,NULL,NULL
1699,H&S 2in1 AD Shampoo + Conditioner Shiny Black,H&S Anti Dandruff Shampoo Anti hair Fall (for export only),0,sharma.gs@pg.com,35:34.1,NULL,NULL
1700,H&S 2in1 AD Shampoo + Conditioner Shiny Black,H&S Anti Dandruff Shampoo Cool Menthol (For Export only),0,sharma.gs@pg.com,35:34.2,NULL,NULL
1701,H&S 2in1 AD Shampoo + Conditioner Shiny Black,H&S Basic Clean (Climbazole),0,sharma.gs@pg.com,35:34.3,NULL,NULL
1702,H&S 2in1 AD Shampoo + Conditioner Shiny Black,H&S Basic Cool (Climbazole),0,sharma.gs@pg.com,35:34.4,NULL,NULL
1703,H&S 2in1 AD Shampoo + Conditioner Shiny Black,H&S Basic smooth (Climbazole),0,sharma.gs@pg.com,35:34.6,NULL,NULL
1704,H&S 2in1 AD Shampoo + Conditioner Shiny Black,H&S NEEM (Climbazole),0,sharma.gs@pg.com,35:34.7,NULL,NULL
1705,H&S 2in1 AD Shampoo + Conditioner Shiny Black,H&S Smooth & Silky (Export only),0,sharma.gs@pg.com,35:34.8,NULL,NULL
1706,H&S 2in1 AD Shampoo + Conditioner Shiny Black,HC Base,1,sharma.gs@pg.com,35:34.9,NULL,NULL
1707,H&S 2in1 AD Shampoo + Conditioner Shiny Black,Pantene Pro-V Hair Fall Protect Shampoo,0,sharma.gs@pg.com,35:35.0,NULL,NULL
1710,H&S 2in1 AD Shampoo + Conditioner Menthol Fresh,H&S 2in1 AD Shampoo + Conditioner Shiny Black,0,sharma.gs@pg.com,35:35.4,NULL,NULL
1711,H&S 2in1 AD Shampoo + Conditioner Soft & Silky,H&S 2in1 AD Shampoo + Conditioner Shiny Black,0,sharma.gs@pg.com,35:35.5,NULL,NULL
1712,H&S Anti Dandruff Shampoo Anti hair Fall (for export only),H&S 2in1 AD Shampoo + Conditioner Shiny Black,0,sharma.gs@pg.com,35:35.6,NULL,NULL
1713,H&S Anti Dandruff Shampoo Cool Menthol (For Export only),H&S 2in1 AD Shampoo + Conditioner Shiny Black,0,sharma.gs@pg.com,35:35.7,NULL,NULL
1714,H&S Basic Clean (Climbazole),H&S 2in1 AD Shampoo + Conditioner Shiny Black,0,sharma.gs@pg.com,35:35.8,NULL,NULL
1715,H&S Basic Cool (Climbazole),H&S 2in1 AD Shampoo + Conditioner Shiny Black,0,sharma.gs@pg.com,35:36.0,NULL,NULL
1716,H&S Basic smooth (Climbazole),H&S 2in1 AD Shampoo + Conditioner Shiny Black,0,sharma.gs@pg.com,35:36.1,NULL,NULL
1717,H&S NEEM (Climbazole),H&S 2in1 AD Shampoo + Conditioner Shiny Black,0,sharma.gs@pg.com,35:36.2,NULL,NULL
1718,H&S Smooth & Silky (Export only),H&S 2in1 AD Shampoo + Conditioner Shiny Black,0,sharma.gs@pg.com,35:36.3,NULL,NULL
1719,HC Base,H&S 2in1 AD Shampoo + Conditioner Shiny Black,1,sharma.gs@pg.com,35:36.7,NULL,NULL
1720,Pantene Pro-V Hair Fall Protect Shampoo,H&S 2in1 AD Shampoo + Conditioner Shiny Black,0,sharma.gs@pg.com,35:36.8,NULL,NULL
1723,H&S Basic Cool AD Shampoo (Low Betaine),H&S 2in1 AD Shampoo + Conditioner Menthol Fresh,0,sharma.gs@pg.com,11:46.2,NULL,NULL
1724,H&S Basic Cool AD Shampoo (Low Betaine),H&S 2in1 AD Shampoo + Conditioner Shiny Black,0,sharma.gs@pg.com,11:46.3,NULL,NULL
1725,H&S Basic Cool AD Shampoo (Low Betaine),H&S 2in1 AD Shampoo + Conditioner Soft & Silky,0,sharma.gs@pg.com,11:46.8,NULL,NULL
1726,H&S Basic Cool AD Shampoo (Low Betaine),H&S Anti Dandruff Shampoo Anti hair Fall (for export only),0,sharma.gs@pg.com,11:46.9,NULL,NULL
1727,H&S Basic Cool AD Shampoo (Low Betaine),H&S Anti Dandruff Shampoo Cool Menthol (For Export only),0,sharma.gs@pg.com,11:47.0,NULL,NULL
1728,H&S Basic Cool AD Shampoo (Low Betaine),H&S Basic Clean (Climbazole),0,sharma.gs@pg.com,11:47.1,NULL,NULL
1729,H&S Basic Cool AD Shampoo (Low Betaine),H&S Basic Cool (Climbazole),0,sharma.gs@pg.com,11:47.2,NULL,NULL
1730,H&S Basic Cool AD Shampoo (Low Betaine),H&S Basic Cool AD Shampoo (Low Betaine),0,sharma.gs@pg.com,11:47.3,NULL,NULL
1731,H&S Basic Cool AD Shampoo (Low Betaine),H&S Basic smooth (Climbazole),0,sharma.gs@pg.com,11:47.4,NULL,NULL
1732,H&S Basic Cool AD Shampoo (Low Betaine),H&S Basic Smooth Anti-Dandruff Shampoo (Low Betaine),0,sharma.gs@pg.com,11:47.5,NULL,NULL
1733,H&S Basic Cool AD Shampoo (Low Betaine),H&S NEEM (Climbazole),0,sharma.gs@pg.com,11:47.6,NULL,NULL
1734,H&S Basic Cool AD Shampoo (Low Betaine),H&S Smooth & Silky (Export only),0,sharma.gs@pg.com,11:47.7,NULL,NULL
1735,H&S Basic Cool AD Shampoo (Low Betaine),HC Base,1,sharma.gs@pg.com,11:47.8,NULL,NULL
1736,H&S Basic Cool AD Shampoo (Low Betaine),Pantene Pro-V Hair Fall Protect Shampoo,0,sharma.gs@pg.com,11:47.8,NULL,NULL
1739,H&S 2in1 AD Shampoo + Conditioner Menthol Fresh,H&S Basic Cool AD Shampoo (Low Betaine),0,sharma.gs@pg.com,11:48.2,NULL,NULL
1740,H&S 2in1 AD Shampoo + Conditioner Shiny Black,H&S Basic Cool AD Shampoo (Low Betaine),0,sharma.gs@pg.com,11:48.3,NULL,NULL
1741,H&S 2in1 AD Shampoo + Conditioner Soft & Silky,H&S Basic Cool AD Shampoo (Low Betaine),0,sharma.gs@pg.com,11:48.4,NULL,NULL
1742,H&S Anti Dandruff Shampoo Anti hair Fall (for export only),H&S Basic Cool AD Shampoo (Low Betaine),0,sharma.gs@pg.com,11:48.5,NULL,NULL
1743,H&S Anti Dandruff Shampoo Cool Menthol (For Export only),H&S Basic Cool AD Shampoo (Low Betaine),0,sharma.gs@pg.com,11:48.6,NULL,NULL
1744,H&S Basic Clean (Climbazole),H&S Basic Cool AD Shampoo (Low Betaine),0,sharma.gs@pg.com,11:48.7,NULL,NULL
1745,H&S Basic Cool (Climbazole),H&S Basic Cool AD Shampoo (Low Betaine),0,sharma.gs@pg.com,11:48.8,NULL,NULL
1746,H&S Basic smooth (Climbazole),H&S Basic Cool AD Shampoo (Low Betaine),0,sharma.gs@pg.com,11:48.9,NULL,NULL
1747,H&S Basic Smooth Anti-Dandruff Shampoo (Low Betaine),H&S Basic Cool AD Shampoo (Low Betaine),0,sharma.gs@pg.com,11:49.0,NULL,NULL
1748,H&S NEEM (Climbazole),H&S Basic Cool AD Shampoo (Low Betaine),0,sharma.gs@pg.com,11:49.1,NULL,NULL
1749,H&S Smooth & Silky (Export only),H&S Basic Cool AD Shampoo (Low Betaine),0,sharma.gs@pg.com,11:49.1,NULL,NULL
1750,HC Base,H&S Basic Cool AD Shampoo (Low Betaine),1,sharma.gs@pg.com,11:49.2,NULL,NULL
1751,Pantene Pro-V Hair Fall Protect Shampoo,H&S Basic Cool AD Shampoo (Low Betaine),0,sharma.gs@pg.com,11:49.3,NULL,NULL
1754,H&S Basic Smooth Anti-Dandruff Shampoo (Low Betaine),H&S 2in1 AD Shampoo + Conditioner Menthol Fresh,0,sharma.gs@pg.com,12:23.3,NULL,NULL
1755,H&S Basic Smooth Anti-Dandruff Shampoo (Low Betaine),H&S 2in1 AD Shampoo + Conditioner Shiny Black,0,sharma.gs@pg.com,12:23.4,NULL,NULL
1756,H&S Basic Smooth Anti-Dandruff Shampoo (Low Betaine),H&S 2in1 AD Shampoo + Conditioner Soft & Silky,0,sharma.gs@pg.com,12:23.8,NULL,NULL
1757,H&S Basic Smooth Anti-Dandruff Shampoo (Low Betaine),H&S Anti Dandruff Shampoo Anti hair Fall (for export only),0,sharma.gs@pg.com,12:24.1,NULL,NULL
1758,H&S Basic Smooth Anti-Dandruff Shampoo (Low Betaine),H&S Anti Dandruff Shampoo Cool Menthol (For Export only),0,sharma.gs@pg.com,12:24.2,NULL,NULL
1759,H&S Basic Smooth Anti-Dandruff Shampoo (Low Betaine),H&S Basic Clean (Climbazole),0,sharma.gs@pg.com,12:24.3,NULL,NULL
1760,H&S Basic Smooth Anti-Dandruff Shampoo (Low Betaine),H&S Basic Cool (Climbazole),0,sharma.gs@pg.com,12:24.4,NULL,NULL
1761,H&S Basic Smooth Anti-Dandruff Shampoo (Low Betaine),H&S Basic Cool AD Shampoo (Low Betaine),0,sharma.gs@pg.com,12:24.5,NULL,NULL
1762,H&S Basic Smooth Anti-Dandruff Shampoo (Low Betaine),H&S Basic smooth (Climbazole),0,sharma.gs@pg.com,12:24.6,NULL,NULL
1763,H&S Basic Smooth Anti-Dandruff Shampoo (Low Betaine),H&S Basic Smooth Anti-Dandruff Shampoo (Low Betaine),0,sharma.gs@pg.com,12:24.7,NULL,NULL
1764,H&S Basic Smooth Anti-Dandruff Shampoo (Low Betaine),H&S NEEM (Climbazole),0,sharma.gs@pg.com,12:24.8,NULL,NULL
1765,H&S Basic Smooth Anti-Dandruff Shampoo (Low Betaine),H&S Smooth & Silky (Export only),0,sharma.gs@pg.com,12:24.9,NULL,NULL
1766,H&S Basic Smooth Anti-Dandruff Shampoo (Low Betaine),HC Base,1,sharma.gs@pg.com,12:25.0,NULL,NULL
1767,H&S Basic Smooth Anti-Dandruff Shampoo (Low Betaine),Pantene Pro-V Hair Fall Protect Shampoo,0,sharma.gs@pg.com,12:25.3,NULL,NULL
1770,H&S 2in1 AD Shampoo + Conditioner Menthol Fresh,H&S Basic Smooth Anti-Dandruff Shampoo (Low Betaine),0,sharma.gs@pg.com,12:25.8,NULL,NULL
1771,H&S 2in1 AD Shampoo + Conditioner Shiny Black,H&S Basic Smooth Anti-Dandruff Shampoo (Low Betaine),0,sharma.gs@pg.com,12:25.9,NULL,NULL
1772,H&S 2in1 AD Shampoo + Conditioner Soft & Silky,H&S Basic Smooth Anti-Dandruff Shampoo (Low Betaine),0,sharma.gs@pg.com,12:26.0,NULL,NULL
1773,H&S Anti Dandruff Shampoo Anti hair Fall (for export only),H&S Basic Smooth Anti-Dandruff Shampoo (Low Betaine),0,sharma.gs@pg.com,12:26.1,NULL,NULL
1774,H&S Anti Dandruff Shampoo Cool Menthol (For Export only),H&S Basic Smooth Anti-Dandruff Shampoo (Low Betaine),0,sharma.gs@pg.com,12:26.2,NULL,NULL
1775,H&S Basic Clean (Climbazole),H&S Basic Smooth Anti-Dandruff Shampoo (Low Betaine),0,sharma.gs@pg.com,12:26.3,NULL,NULL
1776,H&S Basic Cool (Climbazole),H&S Basic Smooth Anti-Dandruff Shampoo (Low Betaine),0,sharma.gs@pg.com,12:26.4,NULL,NULL
1777,H&S Basic Cool AD Shampoo (Low Betaine),H&S Basic Smooth Anti-Dandruff Shampoo (Low Betaine),0,sharma.gs@pg.com,12:26.5,NULL,NULL
1778,H&S Basic smooth (Climbazole),H&S Basic Smooth Anti-Dandruff Shampoo (Low Betaine),0,sharma.gs@pg.com,12:26.6,NULL,NULL
1779,H&S NEEM (Climbazole),H&S Basic Smooth Anti-Dandruff Shampoo (Low Betaine),0,sharma.gs@pg.com,12:26.8,NULL,NULL
1780,H&S Smooth & Silky (Export only),H&S Basic Smooth Anti-Dandruff Shampoo (Low Betaine),0,sharma.gs@pg.com,12:26.9,NULL,NULL
1781,HC Base,H&S Basic Smooth Anti-Dandruff Shampoo (Low Betaine),1,sharma.gs@pg.com,12:27.0,NULL,NULL
1782,Pantene Pro-V Hair Fall Protect Shampoo,H&S Basic Smooth Anti-Dandruff Shampoo (Low Betaine),0,sharma.gs@pg.com,12:27.1,NULL,NULL
1785,H&S 2in1 AD Shampoo + Conditioner Menthol Fresh,H&S Anti- Dandruff Shampoo Neem (Small sachet),0,sharma.gs@pg.com,34:23.3,NULL,NULL
1786,H&S 2in1 AD Shampoo + Conditioner Shiny Black,H&S Anti- Dandruff Shampoo Neem (Small sachet),0,sharma.gs@pg.com,34:23.5,NULL,NULL
1787,H&S 2in1 AD Shampoo + Conditioner Soft & Silky,H&S Anti- Dandruff Shampoo Neem (Small sachet),0,sharma.gs@pg.com,34:23.6,NULL,NULL
1788,H&S Anti Dandruff Shampoo Anti hair Fall (for export only),H&S Anti- Dandruff Shampoo Neem (Small sachet),0,sharma.gs@pg.com,34:23.8,NULL,NULL
1789,H&S Anti Dandruff Shampoo Cool Menthol (For Export only),H&S Anti- Dandruff Shampoo Neem (Small sachet),0,sharma.gs@pg.com,34:23.9,NULL,NULL
1790,H&S Anti- Dandruff Shampoo Neem (Small sachet),H&S Anti- Dandruff Shampoo Neem (Small sachet),0,sharma.gs@pg.com,34:24.0,NULL,NULL
1791,H&S Basic Clean (Climbazole),H&S Anti- Dandruff Shampoo Neem (Small sachet),0,sharma.gs@pg.com,34:24.1,NULL,NULL
1792,H&S Basic Cool AD Shampoo (Low Betaine),H&S Anti- Dandruff Shampoo Neem (Small sachet),0,sharma.gs@pg.com,34:24.3,NULL,NULL
1793,H&S Basic Smooth Anti-Dandruff Shampoo (Low Betaine),H&S Anti- Dandruff Shampoo Neem (Small sachet),0,sharma.gs@pg.com,34:24.4,NULL,NULL
1794,H&S NEEM (Climbazole),H&S Anti- Dandruff Shampoo Neem (Small sachet),0,sharma.gs@pg.com,34:24.5,NULL,NULL
1795,H&S Smooth & Silky (Export only),H&S Anti- Dandruff Shampoo Neem (Small sachet),0,sharma.gs@pg.com,34:24.6,NULL,NULL
1796,HC Base,H&S Anti- Dandruff Shampoo Neem (Small sachet),1,sharma.gs@pg.com,34:24.7,NULL,NULL
1797,Pantene Pro-V Hair Fall Protect Shampoo,H&S Anti- Dandruff Shampoo Neem (Small sachet),0,sharma.gs@pg.com,34:24.9,NULL,NULL
1800,H&S Anti- Dandruff Shampoo Neem (Small sachet),H&S 2in1 AD Shampoo + Conditioner Menthol Fresh,0,sharma.gs@pg.com,34:25.2,NULL,NULL
1801,H&S Anti- Dandruff Shampoo Neem (Small sachet),H&S 2in1 AD Shampoo + Conditioner Shiny Black,0,sharma.gs@pg.com,34:25.3,NULL,NULL
1802,H&S Anti- Dandruff Shampoo Neem (Small sachet),H&S 2in1 AD Shampoo + Conditioner Soft & Silky,0,sharma.gs@pg.com,34:25.4,NULL,NULL
1803,H&S Anti- Dandruff Shampoo Neem (Small sachet),H&S Anti Dandruff Shampoo Anti hair Fall (for export only),0,sharma.gs@pg.com,34:25.6,NULL,NULL
1804,H&S Anti- Dandruff Shampoo Neem (Small sachet),H&S Anti Dandruff Shampoo Cool Menthol (For Export only),0,sharma.gs@pg.com,34:25.7,NULL,NULL
1805,H&S Anti- Dandruff Shampoo Neem (Small sachet),H&S Basic Clean (Climbazole),0,sharma.gs@pg.com,34:26.4,NULL,NULL
1806,H&S Anti- Dandruff Shampoo Neem (Small sachet),H&S Basic Cool AD Shampoo (Low Betaine),0,sharma.gs@pg.com,34:26.5,NULL,NULL
1807,H&S Anti- Dandruff Shampoo Neem (Small sachet),H&S Basic Smooth Anti-Dandruff Shampoo (Low Betaine),0,sharma.gs@pg.com,34:26.6,NULL,NULL
1808,H&S Anti- Dandruff Shampoo Neem (Small sachet),H&S NEEM (Climbazole),0,sharma.gs@pg.com,34:26.7,NULL,NULL
1809,H&S Anti- Dandruff Shampoo Neem (Small sachet),H&S Smooth & Silky (Export only),0,sharma.gs@pg.com,34:26.8,NULL,NULL
1810,H&S Anti- Dandruff Shampoo Neem (Small sachet),HC Base,1,sharma.gs@pg.com,34:26.9,NULL,NULL
1811,H&S Anti- Dandruff Shampoo Neem (Small sachet),Pantene Pro-V Hair Fall Protect Shampoo,0,sharma.gs@pg.com,34:27.0,NULL,NULL
1815,HC Base,H&S Daily Clean Anti- Dandruff Shampoo,1,System,35:01.7,NULL,NULL
1816,H&S 2in1 AD Shampoo + Conditioner Menthol Fresh,H&S Daily Clean Anti- Dandruff Shampoo,0,System,35:05.4,NULL,NULL
1817,H&S 2in1 AD Shampoo + Conditioner Shiny Black,H&S Daily Clean Anti- Dandruff Shampoo,0,System,35:09.3,NULL,NULL
1818,H&S 2in1 AD Shampoo + Conditioner Soft & Silky,H&S Daily Clean Anti- Dandruff Shampoo,0,System,35:12.8,NULL,NULL
1819,H&S Anti Dandruff Shampoo Anti hair Fall (for export only),H&S Daily Clean Anti- Dandruff Shampoo,0,System,35:16.4,NULL,NULL
1820,H&S Anti Dandruff Shampoo Cool Menthol (For Export only),H&S Daily Clean Anti- Dandruff Shampoo,0,System,35:19.9,NULL,NULL
1821,H&S Anti- Dandruff Shampoo Neem (Small sachet),H&S Daily Clean Anti- Dandruff Shampoo,0,System,35:23.5,NULL,NULL
1822,H&S Basic Clean (Climbazole),H&S Daily Clean Anti- Dandruff Shampoo,0,System,35:27.0,NULL,NULL
1823,H&S Basic Cool AD Shampoo (Low Betaine),H&S Daily Clean Anti- Dandruff Shampoo,0,System,35:31.0,NULL,NULL
1824,H&S Basic Smooth Anti-Dandruff Shampoo (Low Betaine),H&S Daily Clean Anti- Dandruff Shampoo,0,System,35:35.0,NULL,NULL
1825,H&S NEEM (Climbazole),H&S Daily Clean Anti- Dandruff Shampoo,0,System,35:38.6,NULL,NULL
1826,H&S Smooth & Silky (Export only),H&S Daily Clean Anti- Dandruff Shampoo,0,System,35:42.1,NULL,NULL
1827,Pantene Pro-V Hair Fall Protect Shampoo,H&S Daily Clean Anti- Dandruff Shampoo,0,System,35:45.6,NULL,NULL
1828,H&S Daily Clean Anti- Dandruff Shampoo,H&S Daily Clean Anti- Dandruff Shampoo,0,System,35:49.2,NULL,NULL
1829,H&S Daily Cool Anti- Dandruff Shampoo,H&S Daily Clean Anti- Dandruff Shampoo,0,System,35:52.7,NULL,NULL
1830,H&S Daily Smooth Anti- Dandruff Shampoo,H&S Daily Clean Anti- Dandruff Shampoo,0,System,35:57.0,NULL,NULL
1833,H&S Daily Clean Anti- Dandruff Shampoo,HC Base,1,System,36:08.0,NULL,NULL
1834,H&S Daily Clean Anti- Dandruff Shampoo,H&S 2in1 AD Shampoo + Conditioner Menthol Fresh,0,System,36:11.6,NULL,NULL
1835,H&S Daily Clean Anti- Dandruff Shampoo,H&S 2in1 AD Shampoo + Conditioner Shiny Black,0,System,36:15.1,NULL,NULL
1836,H&S Daily Clean Anti- Dandruff Shampoo,H&S 2in1 AD Shampoo + Conditioner Soft & Silky,0,System,36:19.1,NULL,NULL
1837,H&S Daily Clean Anti- Dandruff Shampoo,H&S Anti Dandruff Shampoo Anti hair Fall (for export only),0,System,36:22.6,NULL,NULL
1838,H&S Daily Clean Anti- Dandruff Shampoo,H&S Anti Dandruff Shampoo Cool Menthol (For Export only),0,System,36:26.3,NULL,NULL
1839,H&S Daily Clean Anti- Dandruff Shampoo,H&S Anti- Dandruff Shampoo Neem (Small sachet),0,System,36:29.8,NULL,NULL
1840,H&S Daily Clean Anti- Dandruff Shampoo,H&S Basic Clean (Climbazole),0,System,36:33.4,NULL,NULL
1841,H&S Daily Clean Anti- Dandruff Shampoo,H&S Basic Cool AD Shampoo (Low Betaine),0,System,36:36.9,NULL,NULL
1842,H&S Daily Clean Anti- Dandruff Shampoo,H&S Basic Smooth Anti-Dandruff Shampoo (Low Betaine),0,System,36:40.5,NULL,NULL
1843,H&S Daily Clean Anti- Dandruff Shampoo,H&S NEEM (Climbazole),0,System,36:44.0,NULL,NULL
1844,H&S Daily Clean Anti- Dandruff Shampoo,H&S Smooth & Silky (Export only),0,System,36:47.6,NULL,NULL
1845,H&S Daily Clean Anti- Dandruff Shampoo,Pantene Pro-V Hair Fall Protect Shampoo,0,System,36:51.7,NULL,NULL
1846,H&S Daily Clean Anti- Dandruff Shampoo,H&S Daily Cool Anti- Dandruff Shampoo,0,System,38:39.4,NULL,NULL
1847,H&S Daily Clean Anti- Dandruff Shampoo,H&S Daily Smooth Anti- Dandruff Shampoo,0,System,38:47.8,NULL,NULL
1850,HC Base,H&S Daily Cool Anti- Dandruff Shampoo,1,System,43:20.0,NULL,NULL
1851,H&S 2in1 AD Shampoo + Conditioner Menthol Fresh,H&S Daily Cool Anti- Dandruff Shampoo,0,System,43:28.7,NULL,NULL
1852,H&S 2in1 AD Shampoo + Conditioner Shiny Black,H&S Daily Cool Anti- Dandruff Shampoo,0,System,43:37.5,NULL,NULL
1853,H&S 2in1 AD Shampoo + Conditioner Soft & Silky,H&S Daily Cool Anti- Dandruff Shampoo,0,System,43:46.1,NULL,NULL
1854,H&S Anti Dandruff Shampoo Anti hair Fall (for export only),H&S Daily Cool Anti- Dandruff Shampoo,0,System,43:54.2,NULL,NULL
1855,H&S Anti Dandruff Shampoo Cool Menthol (For Export only),H&S Daily Cool Anti- Dandruff Shampoo,0,System,44:02.7,NULL,NULL
1856,H&S Anti- Dandruff Shampoo Neem (Small sachet),H&S Daily Cool Anti- Dandruff Shampoo,0,System,44:11.6,NULL,NULL
1857,H&S Basic Clean (Climbazole),H&S Daily Cool Anti- Dandruff Shampoo,0,System,44:20.2,NULL,NULL
1858,H&S Basic Cool AD Shampoo (Low Betaine),H&S Daily Cool Anti- Dandruff Shampoo,0,System,44:28.6,NULL,NULL
1859,H&S Basic Smooth Anti-Dandruff Shampoo (Low Betaine),H&S Daily Cool Anti- Dandruff Shampoo,0,System,44:37.2,NULL,NULL
1860,H&S NEEM (Climbazole),H&S Daily Cool Anti- Dandruff Shampoo,0,System,44:46.1,NULL,NULL
1861,H&S Smooth & Silky (Export only),H&S Daily Cool Anti- Dandruff Shampoo,0,System,44:54.4,NULL,NULL
1862,Pantene Pro-V Hair Fall Protect Shampoo,H&S Daily Cool Anti- Dandruff Shampoo,0,System,45:03.1,NULL,NULL
1863,H&S Daily Clean Anti- Dandruff Shampoo,H&S Daily Cool Anti- Dandruff Shampoo,0,System,45:12.1,NULL,NULL
1864,H&S Daily Cool Anti- Dandruff Shampoo,H&S Daily Cool Anti- Dandruff Shampoo,0,System,45:20.8,NULL,NULL
1865,H&S Daily Smooth Anti- Dandruff Shampoo,H&S Daily Cool Anti- Dandruff Shampoo,0,System,45:29.8,NULL,NULL
1868,H&S Daily Cool Anti- Dandruff Shampoo,HC Base,1,System,45:55.4,NULL,NULL
1869,H&S Daily Cool Anti- Dandruff Shampoo,H&S 2in1 AD Shampoo + Conditioner Menthol Fresh,0,System,46:03.9,NULL,NULL
1870,H&S Daily Cool Anti- Dandruff Shampoo,H&S 2in1 AD Shampoo + Conditioner Shiny Black,0,System,46:13.5,NULL,NULL
1871,H&S Daily Cool Anti- Dandruff Shampoo,H&S 2in1 AD Shampoo + Conditioner Soft & Silky,0,System,46:22.0,NULL,NULL
1872,H&S Daily Cool Anti- Dandruff Shampoo,H&S Anti Dandruff Shampoo Anti hair Fall (for export only),0,System,46:31.3,NULL,NULL
1873,H&S Daily Cool Anti- Dandruff Shampoo,H&S Anti Dandruff Shampoo Cool Menthol (For Export only),0,System,46:40.1,NULL,NULL
1874,H&S Daily Cool Anti- Dandruff Shampoo,H&S Anti- Dandruff Shampoo Neem (Small sachet),0,System,46:49.5,NULL,NULL
1875,H&S Daily Cool Anti- Dandruff Shampoo,H&S Basic Clean (Climbazole),0,System,46:58.4,NULL,NULL
1876,H&S Daily Cool Anti- Dandruff Shampoo,H&S Basic Cool AD Shampoo (Low Betaine),0,System,47:08.2,NULL,NULL
1877,H&S Daily Cool Anti- Dandruff Shampoo,H&S Basic Smooth Anti-Dandruff Shampoo (Low Betaine),0,System,47:17.9,NULL,NULL
1878,H&S Daily Cool Anti- Dandruff Shampoo,H&S NEEM (Climbazole),0,System,47:26.9,NULL,NULL
1879,H&S Daily Cool Anti- Dandruff Shampoo,H&S Smooth & Silky (Export only),0,System,47:35.9,NULL,NULL
1880,H&S Daily Cool Anti- Dandruff Shampoo,Pantene Pro-V Hair Fall Protect Shampoo,0,System,47:45.7,NULL,NULL
1881,H&S Daily Cool Anti- Dandruff Shampoo,H&S Daily Clean Anti- Dandruff Shampoo,0,System,47:55.0,NULL,NULL
1882,H&S Daily Cool Anti- Dandruff Shampoo,H&S Daily Smooth Anti- Dandruff Shampoo,0,System,48:04.7,NULL,NULL
1885,HC Base,H&S Daily Smooth Anti- Dandruff Shampoo,1,System,49:15.9,NULL,NULL
1886,H&S 2in1 AD Shampoo + Conditioner Menthol Fresh,H&S Daily Smooth Anti- Dandruff Shampoo,0,System,49:25.4,NULL,NULL
1887,H&S 2in1 AD Shampoo + Conditioner Shiny Black,H&S Daily Smooth Anti- Dandruff Shampoo,0,System,49:33.8,NULL,NULL
1888,H&S 2in1 AD Shampoo + Conditioner Soft & Silky,H&S Daily Smooth Anti- Dandruff Shampoo,0,System,49:42.1,NULL,NULL
1889,H&S Anti Dandruff Shampoo Anti hair Fall (for export only),H&S Daily Smooth Anti- Dandruff Shampoo,0,System,49:50.9,NULL,NULL
1890,H&S Anti Dandruff Shampoo Cool Menthol (For Export only),H&S Daily Smooth Anti- Dandruff Shampoo,0,System,49:59.4,NULL,NULL
1891,H&S Anti- Dandruff Shampoo Neem (Small sachet),H&S Daily Smooth Anti- Dandruff Shampoo,0,System,50:08.6,NULL,NULL
1892,H&S Basic Clean (Climbazole),H&S Daily Smooth Anti- Dandruff Shampoo,0,System,50:17.5,NULL,NULL
1893,H&S Basic Cool AD Shampoo (Low Betaine),H&S Daily Smooth Anti- Dandruff Shampoo,0,System,50:26.3,NULL,NULL
1894,H&S Basic Smooth Anti-Dandruff Shampoo (Low Betaine),H&S Daily Smooth Anti- Dandruff Shampoo,0,System,50:34.9,NULL,NULL
1895,H&S NEEM (Climbazole),H&S Daily Smooth Anti- Dandruff Shampoo,0,System,50:43.7,NULL,NULL
1896,H&S Smooth & Silky (Export only),H&S Daily Smooth Anti- Dandruff Shampoo,0,System,50:53.9,NULL,NULL
1897,Pantene Pro-V Hair Fall Protect Shampoo,H&S Daily Smooth Anti- Dandruff Shampoo,0,System,51:03.3,NULL,NULL
1898,H&S Daily Clean Anti- Dandruff Shampoo,H&S Daily Smooth Anti- Dandruff Shampoo,0,System,51:12.4,NULL,NULL
1899,H&S Daily Cool Anti- Dandruff Shampoo,H&S Daily Smooth Anti- Dandruff Shampoo,0,System,51:21.8,NULL,NULL
1900,H&S Daily Smooth Anti- Dandruff Shampoo,H&S Daily Smooth Anti- Dandruff Shampoo,0,System,51:31.0,NULL,NULL
1903,H&S Daily Smooth Anti- Dandruff Shampoo,HC Base,1,System,51:59.5,NULL,NULL
1904,H&S Daily Smooth Anti- Dandruff Shampoo,H&S 2in1 AD Shampoo + Conditioner Menthol Fresh,0,System,52:08.9,NULL,NULL
1905,H&S Daily Smooth Anti- Dandruff Shampoo,H&S 2in1 AD Shampoo + Conditioner Shiny Black,0,System,52:18.5,NULL,NULL
1906,H&S Daily Smooth Anti- Dandruff Shampoo,H&S 2in1 AD Shampoo + Conditioner Soft & Silky,0,System,52:28.8,NULL,NULL
1907,H&S Daily Smooth Anti- Dandruff Shampoo,H&S Anti Dandruff Shampoo Anti hair Fall (for export only),0,System,52:38.4,NULL,NULL
1908,H&S Daily Smooth Anti- Dandruff Shampoo,H&S Anti Dandruff Shampoo Cool Menthol (For Export only),0,System,52:50.5,NULL,NULL
1909,H&S Daily Smooth Anti- Dandruff Shampoo,H&S Anti- Dandruff Shampoo Neem (Small sachet),0,System,52:59.6,NULL,NULL
1910,H&S Daily Smooth Anti- Dandruff Shampoo,H&S Basic Clean (Climbazole),0,System,53:09.6,NULL,NULL
1911,H&S Daily Smooth Anti- Dandruff Shampoo,H&S Basic Cool AD Shampoo (Low Betaine),0,System,53:18.9,NULL,NULL
1912,H&S Daily Smooth Anti- Dandruff Shampoo,H&S Basic Smooth Anti-Dandruff Shampoo (Low Betaine),0,System,53:29.0,NULL,NULL
1913,H&S Daily Smooth Anti- Dandruff Shampoo,H&S NEEM (Climbazole),0,System,53:38.8,NULL,NULL
1914,H&S Daily Smooth Anti- Dandruff Shampoo,H&S Smooth & Silky (Export only),0,System,53:49.1,NULL,NULL
1915,H&S Daily Smooth Anti- Dandruff Shampoo,Pantene Pro-V Hair Fall Protect Shampoo,0,System,53:58.5,NULL,NULL
1916,H&S Daily Smooth Anti- Dandruff Shampoo,H&S Daily Clean Anti- Dandruff Shampoo,0,System,54:07.6,NULL,NULL
1917,H&S Daily Smooth Anti- Dandruff Shampoo,H&S Daily Cool Anti- Dandruff Shampoo,0,System,54:17.3,NULL,NULL
1920,HC Base,Pantene Pro-V Hair Science Luscious Thick shampoo,1,sharma.gs@pg.com,13:16.4,NULL,NULL
1921,H&S 2in1 AD Shampoo + Conditioner Menthol Fresh,Pantene Pro-V Hair Science Luscious Thick shampoo,0,sharma.gs@pg.com,13:20.3,NULL,NULL
1922,H&S 2in1 AD Shampoo + Conditioner Shiny Black,Pantene Pro-V Hair Science Luscious Thick shampoo,0,sharma.gs@pg.com,13:24.0,NULL,NULL
1923,H&S 2in1 AD Shampoo + Conditioner Soft & Silky,Pantene Pro-V Hair Science Luscious Thick shampoo,0,sharma.gs@pg.com,13:27.9,NULL,NULL
1924,H&S Anti Dandruff Shampoo Anti hair Fall (for export only),Pantene Pro-V Hair Science Luscious Thick shampoo,0,sharma.gs@pg.com,13:32.2,NULL,NULL
1925,H&S Anti Dandruff Shampoo Cool Menthol (For Export only),Pantene Pro-V Hair Science Luscious Thick shampoo,0,sharma.gs@pg.com,13:36.6,NULL,NULL
1926,H&S Anti- Dandruff Shampoo Neem (Small sachet),Pantene Pro-V Hair Science Luscious Thick shampoo,0,sharma.gs@pg.com,13:40.3,NULL,NULL
1927,H&S Basic Clean (Climbazole),Pantene Pro-V Hair Science Luscious Thick shampoo,0,sharma.gs@pg.com,13:44.3,NULL,NULL
1928,H&S Basic Cool AD Shampoo (Low Betaine),Pantene Pro-V Hair Science Luscious Thick shampoo,0,sharma.gs@pg.com,13:48.7,NULL,NULL
1929,H&S Basic Smooth Anti-Dandruff Shampoo (Low Betaine),Pantene Pro-V Hair Science Luscious Thick shampoo,0,sharma.gs@pg.com,13:52.5,NULL,NULL
1930,H&S NEEM (Climbazole),Pantene Pro-V Hair Science Luscious Thick shampoo,0,sharma.gs@pg.com,13:56.4,NULL,NULL
1931,H&S Smooth & Silky (Export only),Pantene Pro-V Hair Science Luscious Thick shampoo,0,sharma.gs@pg.com,14:00.1,NULL,NULL
1932,Pantene Pro-V Hair Fall Protect Shampoo,Pantene Pro-V Hair Science Luscious Thick shampoo,0,sharma.gs@pg.com,14:04.2,NULL,NULL
1933,H&S Daily Clean Anti- Dandruff Shampoo,Pantene Pro-V Hair Science Luscious Thick shampoo,0,sharma.gs@pg.com,14:08.1,NULL,NULL
1934,H&S Daily Cool Anti- Dandruff Shampoo,Pantene Pro-V Hair Science Luscious Thick shampoo,0,sharma.gs@pg.com,14:11.9,NULL,NULL
1935,H&S Daily Smooth Anti- Dandruff Shampoo,Pantene Pro-V Hair Science Luscious Thick shampoo,0,sharma.gs@pg.com,14:16.8,NULL,NULL
1936,Pantene Pro-V Hair Science Luscious Thick shampoo,Pantene Pro-V Hair Science Luscious Thick shampoo,0,sharma.gs@pg.com,14:21.1,NULL,NULL
1937,Pantene Pro-V Hair Science Deep Repair shampoo,Pantene Pro-V Hair Science Luscious Thick shampoo,0,sharma.gs@pg.com,14:25.0,NULL,NULL
1938,Pantene Pro-V Hair Science Hair fall Control shampoo,Pantene Pro-V Hair Science Luscious Thick shampoo,0,sharma.gs@pg.com,14:28.8,NULL,NULL
1939,Pantene Pro-V Hair Science Healthy Shine shampoo,Pantene Pro-V Hair Science Luscious Thick shampoo,0,sharma.gs@pg.com,14:32.7,NULL,NULL
1940,Pantene Pro-V Hair Science Silky Smooth shampoo,Pantene Pro-V Hair Science Luscious Thick shampoo,0,sharma.gs@pg.com,14:36.6,NULL,NULL
1943,Pantene Pro-V Hair Science Luscious Thick shampoo,HC Base,1,sharma.gs@pg.com,14:48.3,NULL,NULL
1944,Pantene Pro-V Hair Science Luscious Thick shampoo,H&S 2in1 AD Shampoo + Conditioner Menthol Fresh,0,sharma.gs@pg.com,14:51.9,NULL,NULL
1945,Pantene Pro-V Hair Science Luscious Thick shampoo,H&S 2in1 AD Shampoo + Conditioner Shiny Black,0,sharma.gs@pg.com,14:56.2,NULL,NULL
1946,Pantene Pro-V Hair Science Luscious Thick shampoo,H&S 2in1 AD Shampoo + Conditioner Soft & Silky,0,sharma.gs@pg.com,15:00.1,NULL,NULL
1947,Pantene Pro-V Hair Science Luscious Thick shampoo,H&S Anti Dandruff Shampoo Anti hair Fall (for export only),0,sharma.gs@pg.com,15:04.0,NULL,NULL
1948,Pantene Pro-V Hair Science Luscious Thick shampoo,H&S Anti Dandruff Shampoo Cool Menthol (For Export only),0,sharma.gs@pg.com,15:08.9,NULL,NULL
1949,Pantene Pro-V Hair Science Luscious Thick shampoo,H&S Anti- Dandruff Shampoo Neem (Small sachet),0,sharma.gs@pg.com,15:13.2,NULL,NULL
1950,Pantene Pro-V Hair Science Luscious Thick shampoo,H&S Basic Clean (Climbazole),0,sharma.gs@pg.com,15:17.7,NULL,NULL
1951,Pantene Pro-V Hair Science Luscious Thick shampoo,H&S Basic Cool AD Shampoo (Low Betaine),0,sharma.gs@pg.com,15:22.4,NULL,NULL
1952,Pantene Pro-V Hair Science Luscious Thick shampoo,H&S Basic Smooth Anti-Dandruff Shampoo (Low Betaine),0,sharma.gs@pg.com,15:26.6,NULL,NULL
1953,Pantene Pro-V Hair Science Luscious Thick shampoo,H&S NEEM (Climbazole),0,sharma.gs@pg.com,15:30.1,NULL,NULL
1954,Pantene Pro-V Hair Science Luscious Thick shampoo,H&S Smooth & Silky (Export only),0,sharma.gs@pg.com,15:34.0,NULL,NULL
1955,Pantene Pro-V Hair Science Luscious Thick shampoo,Pantene Pro-V Hair Fall Protect Shampoo,0,sharma.gs@pg.com,15:37.6,NULL,NULL
1956,Pantene Pro-V Hair Science Luscious Thick shampoo,H&S Daily Clean Anti- Dandruff Shampoo,0,sharma.gs@pg.com,15:41.0,NULL,NULL
1957,Pantene Pro-V Hair Science Luscious Thick shampoo,H&S Daily Cool Anti- Dandruff Shampoo,0,sharma.gs@pg.com,15:44.4,NULL,NULL
1958,Pantene Pro-V Hair Science Luscious Thick shampoo,H&S Daily Smooth Anti- Dandruff Shampoo,0,sharma.gs@pg.com,15:48.3,NULL,NULL
1959,Pantene Pro-V Hair Science Luscious Thick shampoo,Pantene Pro-V Hair Science Deep Repair shampoo,0,sharma.gs@pg.com,15:51.9,NULL,NULL
1960,Pantene Pro-V Hair Science Luscious Thick shampoo,Pantene Pro-V Hair Science Hair fall Control shampoo,0,sharma.gs@pg.com,15:55.2,NULL,NULL
1961,Pantene Pro-V Hair Science Luscious Thick shampoo,Pantene Pro-V Hair Science Healthy Shine shampoo,0,sharma.gs@pg.com,15:58.8,NULL,NULL
1962,Pantene Pro-V Hair Science Luscious Thick shampoo,Pantene Pro-V Hair Science Silky Smooth shampoo,0,sharma.gs@pg.com,16:02.7,NULL,NULL
2010,HC Base,Pantene Pro-V Hair Science Deep Repair shampoo,1,sharma.gs@pg.com,19:02.0,NULL,NULL
2011,H&S 2in1 AD Shampoo + Conditioner Menthol Fresh,Pantene Pro-V Hair Science Deep Repair shampoo,0,sharma.gs@pg.com,19:05.3,NULL,NULL
2012,H&S 2in1 AD Shampoo + Conditioner Shiny Black,Pantene Pro-V Hair Science Deep Repair shampoo,0,sharma.gs@pg.com,19:08.6,NULL,NULL
2013,H&S 2in1 AD Shampoo + Conditioner Soft & Silky,Pantene Pro-V Hair Science Deep Repair shampoo,0,sharma.gs@pg.com,19:12.1,NULL,NULL
2014,H&S Anti Dandruff Shampoo Anti hair Fall (for export only),Pantene Pro-V Hair Science Deep Repair shampoo,0,sharma.gs@pg.com,19:15.8,NULL,NULL
2015,H&S Anti Dandruff Shampoo Cool Menthol (For Export only),Pantene Pro-V Hair Science Deep Repair shampoo,0,sharma.gs@pg.com,19:19.5,NULL,NULL
2016,H&S Anti- Dandruff Shampoo Neem (Small sachet),Pantene Pro-V Hair Science Deep Repair shampoo,0,sharma.gs@pg.com,19:23.9,NULL,NULL
2017,H&S Basic Clean (Climbazole),Pantene Pro-V Hair Science Deep Repair shampoo,0,sharma.gs@pg.com,19:28.0,NULL,NULL
2018,H&S Basic Cool AD Shampoo (Low Betaine),Pantene Pro-V Hair Science Deep Repair shampoo,0,sharma.gs@pg.com,19:31.9,NULL,NULL
2019,H&S Basic Smooth Anti-Dandruff Shampoo (Low Betaine),Pantene Pro-V Hair Science Deep Repair shampoo,0,sharma.gs@pg.com,19:35.5,NULL,NULL
2020,H&S NEEM (Climbazole),Pantene Pro-V Hair Science Deep Repair shampoo,0,sharma.gs@pg.com,19:38.9,NULL,NULL
2021,H&S Smooth & Silky (Export only),Pantene Pro-V Hair Science Deep Repair shampoo,0,sharma.gs@pg.com,19:42.4,NULL,NULL
2022,Pantene Pro-V Hair Fall Protect Shampoo,Pantene Pro-V Hair Science Deep Repair shampoo,0,sharma.gs@pg.com,19:46.6,NULL,NULL
2023,H&S Daily Clean Anti- Dandruff Shampoo,Pantene Pro-V Hair Science Deep Repair shampoo,0,sharma.gs@pg.com,19:51.1,NULL,NULL
2024,H&S Daily Cool Anti- Dandruff Shampoo,Pantene Pro-V Hair Science Deep Repair shampoo,0,sharma.gs@pg.com,19:54.7,NULL,NULL
2025,H&S Daily Smooth Anti- Dandruff Shampoo,Pantene Pro-V Hair Science Deep Repair shampoo,0,sharma.gs@pg.com,19:58.4,NULL,NULL
2026,Pantene Pro-V Hair Science Luscious Thick shampoo,Pantene Pro-V Hair Science Deep Repair shampoo,0,sharma.gs@pg.com,20:02.3,NULL,NULL
2027,Pantene Pro-V Hair Science Deep Repair shampoo,Pantene Pro-V Hair Science Deep Repair shampoo,0,sharma.gs@pg.com,20:06.7,NULL,NULL
2028,Pantene Pro-V Hair Science Hair fall Control shampoo,Pantene Pro-V Hair Science Deep Repair shampoo,0,sharma.gs@pg.com,20:10.6,NULL,NULL
2029,Pantene Pro-V Hair Science Healthy Shine shampoo,Pantene Pro-V Hair Science Deep Repair shampoo,0,sharma.gs@pg.com,20:14.5,NULL,NULL
2030,Pantene Pro-V Hair Science Silky Smooth shampoo,Pantene Pro-V Hair Science Deep Repair shampoo,0,sharma.gs@pg.com,20:18.4,NULL,NULL
2033,Pantene Pro-V Hair Science Deep Repair shampoo,HC Base,1,sharma.gs@pg.com,20:30.3,NULL,NULL
2034,Pantene Pro-V Hair Science Deep Repair shampoo,H&S 2in1 AD Shampoo + Conditioner Menthol Fresh,0,sharma.gs@pg.com,20:34.0,NULL,NULL
2035,Pantene Pro-V Hair Science Deep Repair shampoo,H&S 2in1 AD Shampoo + Conditioner Shiny Black,0,sharma.gs@pg.com,20:37.5,NULL,NULL
2036,Pantene Pro-V Hair Science Deep Repair shampoo,H&S 2in1 AD Shampoo + Conditioner Soft & Silky,0,sharma.gs@pg.com,20:41.2,NULL,NULL
2037,Pantene Pro-V Hair Science Deep Repair shampoo,H&S Anti Dandruff Shampoo Anti hair Fall (for export only),0,sharma.gs@pg.com,20:45.0,NULL,NULL
2038,Pantene Pro-V Hair Science Deep Repair shampoo,H&S Anti Dandruff Shampoo Cool Menthol (For Export only),0,sharma.gs@pg.com,20:49.3,NULL,NULL
2039,Pantene Pro-V Hair Science Deep Repair shampoo,H&S Anti- Dandruff Shampoo Neem (Small sachet),0,sharma.gs@pg.com,20:53.1,NULL,NULL
2040,Pantene Pro-V Hair Science Deep Repair shampoo,H&S Basic Clean (Climbazole),0,sharma.gs@pg.com,20:57.0,NULL,NULL
2041,Pantene Pro-V Hair Science Deep Repair shampoo,H&S Basic Cool AD Shampoo (Low Betaine),0,sharma.gs@pg.com,21:00.9,NULL,NULL
2042,Pantene Pro-V Hair Science Deep Repair shampoo,H&S Basic Smooth Anti-Dandruff Shampoo (Low Betaine),0,sharma.gs@pg.com,21:05.1,NULL,NULL
2043,Pantene Pro-V Hair Science Deep Repair shampoo,H&S NEEM (Climbazole),0,sharma.gs@pg.com,21:09.1,NULL,NULL
2044,Pantene Pro-V Hair Science Deep Repair shampoo,H&S Smooth & Silky (Export only),0,sharma.gs@pg.com,21:12.8,NULL,NULL
2045,Pantene Pro-V Hair Science Deep Repair shampoo,Pantene Pro-V Hair Fall Protect Shampoo,0,sharma.gs@pg.com,21:16.6,NULL,NULL
2046,Pantene Pro-V Hair Science Deep Repair shampoo,H&S Daily Clean Anti- Dandruff Shampoo,0,sharma.gs@pg.com,21:20.5,NULL,NULL
2047,Pantene Pro-V Hair Science Deep Repair shampoo,H&S Daily Cool Anti- Dandruff Shampoo,0,sharma.gs@pg.com,21:24.4,NULL,NULL
2048,Pantene Pro-V Hair Science Deep Repair shampoo,H&S Daily Smooth Anti- Dandruff Shampoo,0,sharma.gs@pg.com,21:28.7,NULL,NULL
2049,Pantene Pro-V Hair Science Deep Repair shampoo,Pantene Pro-V Hair Science Luscious Thick shampoo,0,sharma.gs@pg.com,21:32.9,NULL,NULL
2050,Pantene Pro-V Hair Science Deep Repair shampoo,Pantene Pro-V Hair Science Hair fall Control shampoo,0,sharma.gs@pg.com,21:36.8,NULL,NULL
2051,Pantene Pro-V Hair Science Deep Repair shampoo,Pantene Pro-V Hair Science Healthy Shine shampoo,0,sharma.gs@pg.com,21:40.3,NULL,NULL
2052,Pantene Pro-V Hair Science Deep Repair shampoo,Pantene Pro-V Hair Science Silky Smooth shampoo,0,sharma.gs@pg.com,21:44.1,NULL,NULL
2055,HC Base,Pantene Pro-V Hair Science Hair fall Control shampoo,1,sharma.gs@pg.com,23:05.2,NULL,NULL
2056,H&S 2in1 AD Shampoo + Conditioner Menthol Fresh,Pantene Pro-V Hair Science Hair fall Control shampoo,0,sharma.gs@pg.com,23:09.1,NULL,NULL
2057,H&S 2in1 AD Shampoo + Conditioner Shiny Black,Pantene Pro-V Hair Science Hair fall Control shampoo,0,sharma.gs@pg.com,23:12.9,NULL,NULL
2058,H&S 2in1 AD Shampoo + Conditioner Soft & Silky,Pantene Pro-V Hair Science Hair fall Control shampoo,0,sharma.gs@pg.com,23:16.8,NULL,NULL
2059,H&S Anti Dandruff Shampoo Anti hair Fall (for export only),Pantene Pro-V Hair Science Hair fall Control shampoo,0,sharma.gs@pg.com,23:20.7,NULL,NULL
2060,H&S Anti Dandruff Shampoo Cool Menthol (For Export only),Pantene Pro-V Hair Science Hair fall Control shampoo,0,sharma.gs@pg.com,23:24.5,NULL,NULL
2061,H&S Anti- Dandruff Shampoo Neem (Small sachet),Pantene Pro-V Hair Science Hair fall Control shampoo,0,sharma.gs@pg.com,23:28.4,NULL,NULL
2062,H&S Basic Clean (Climbazole),Pantene Pro-V Hair Science Hair fall Control shampoo,0,sharma.gs@pg.com,23:32.0,NULL,NULL
2063,H&S Basic Cool AD Shampoo (Low Betaine),Pantene Pro-V Hair Science Hair fall Control shampoo,0,sharma.gs@pg.com,23:35.8,NULL,NULL
2064,H&S Basic Smooth Anti-Dandruff Shampoo (Low Betaine),Pantene Pro-V Hair Science Hair fall Control shampoo,0,sharma.gs@pg.com,23:39.7,NULL,NULL
2065,H&S NEEM (Climbazole),Pantene Pro-V Hair Science Hair fall Control shampoo,0,sharma.gs@pg.com,23:43.6,NULL,NULL
2066,H&S Smooth & Silky (Export only),Pantene Pro-V Hair Science Hair fall Control shampoo,0,sharma.gs@pg.com,23:47.5,NULL,NULL
2067,Pantene Pro-V Hair Fall Protect Shampoo,Pantene Pro-V Hair Science Hair fall Control shampoo,0,sharma.gs@pg.com,23:51.4,NULL,NULL
2068,H&S Daily Clean Anti- Dandruff Shampoo,Pantene Pro-V Hair Science Hair fall Control shampoo,0,sharma.gs@pg.com,23:55.2,NULL,NULL
2069,H&S Daily Cool Anti- Dandruff Shampoo,Pantene Pro-V Hair Science Hair fall Control shampoo,0,sharma.gs@pg.com,23:59.1,NULL,NULL
2070,H&S Daily Smooth Anti- Dandruff Shampoo,Pantene Pro-V Hair Science Hair fall Control shampoo,0,sharma.gs@pg.com,24:02.6,NULL,NULL
2071,Pantene Pro-V Hair Science Luscious Thick shampoo,Pantene Pro-V Hair Science Hair fall Control shampoo,0,sharma.gs@pg.com,24:06.4,NULL,NULL
2072,Pantene Pro-V Hair Science Deep Repair shampoo,Pantene Pro-V Hair Science Hair fall Control shampoo,0,sharma.gs@pg.com,24:10.2,NULL,NULL
2073,Pantene Pro-V Hair Science Hair fall Control shampoo,Pantene Pro-V Hair Science Hair fall Control shampoo,0,sharma.gs@pg.com,24:14.1,NULL,NULL
2074,Pantene Pro-V Hair Science Healthy Shine shampoo,Pantene Pro-V Hair Science Hair fall Control shampoo,0,sharma.gs@pg.com,24:18.0,NULL,NULL
2075,Pantene Pro-V Hair Science Silky Smooth shampoo,Pantene Pro-V Hair Science Hair fall Control shampoo,0,sharma.gs@pg.com,24:21.8,NULL,NULL
2078,Pantene Pro-V Hair Science Hair fall Control shampoo,HC Base,1,sharma.gs@pg.com,24:33.5,NULL,NULL
2079,Pantene Pro-V Hair Science Hair fall Control shampoo,H&S 2in1 AD Shampoo + Conditioner Menthol Fresh,0,sharma.gs@pg.com,24:37.4,NULL,NULL
2080,Pantene Pro-V Hair Science Hair fall Control shampoo,H&S 2in1 AD Shampoo + Conditioner Shiny Black,0,sharma.gs@pg.com,24:41.3,NULL,NULL
2081,Pantene Pro-V Hair Science Hair fall Control shampoo,H&S 2in1 AD Shampoo + Conditioner Soft & Silky,0,sharma.gs@pg.com,24:45.1,NULL,NULL
2082,Pantene Pro-V Hair Science Hair fall Control shampoo,H&S Anti Dandruff Shampoo Anti hair Fall (for export only),0,sharma.gs@pg.com,24:49.0,NULL,NULL
2083,Pantene Pro-V Hair Science Hair fall Control shampoo,H&S Anti Dandruff Shampoo Cool Menthol (For Export only),0,sharma.gs@pg.com,24:52.9,NULL,NULL
2084,Pantene Pro-V Hair Science Hair fall Control shampoo,H&S Anti- Dandruff Shampoo Neem (Small sachet),0,sharma.gs@pg.com,24:56.8,NULL,NULL
2085,Pantene Pro-V Hair Science Hair fall Control shampoo,H&S Basic Clean (Climbazole),0,sharma.gs@pg.com,25:00.7,NULL,NULL
2086,Pantene Pro-V Hair Science Hair fall Control shampoo,H&S Basic Cool AD Shampoo (Low Betaine),0,sharma.gs@pg.com,25:04.7,NULL,NULL
2087,Pantene Pro-V Hair Science Hair fall Control shampoo,H&S Basic Smooth Anti-Dandruff Shampoo (Low Betaine),0,sharma.gs@pg.com,25:08.6,NULL,NULL
2088,Pantene Pro-V Hair Science Hair fall Control shampoo,H&S NEEM (Climbazole),0,sharma.gs@pg.com,25:12.4,NULL,NULL
2089,Pantene Pro-V Hair Science Hair fall Control shampoo,H&S Smooth & Silky (Export only),0,sharma.gs@pg.com,25:16.4,NULL,NULL
2090,Pantene Pro-V Hair Science Hair fall Control shampoo,Pantene Pro-V Hair Fall Protect Shampoo,0,sharma.gs@pg.com,25:20.1,NULL,NULL
2091,Pantene Pro-V Hair Science Hair fall Control shampoo,H&S Daily Clean Anti- Dandruff Shampoo,0,sharma.gs@pg.com,25:23.9,NULL,NULL
2092,Pantene Pro-V Hair Science Hair fall Control shampoo,H&S Daily Cool Anti- Dandruff Shampoo,0,sharma.gs@pg.com,25:27.8,NULL,NULL
2093,Pantene Pro-V Hair Science Hair fall Control shampoo,H&S Daily Smooth Anti- Dandruff Shampoo,0,sharma.gs@pg.com,25:31.7,NULL,NULL
2094,Pantene Pro-V Hair Science Hair fall Control shampoo,Pantene Pro-V Hair Science Luscious Thick shampoo,0,sharma.gs@pg.com,25:35.7,NULL,NULL
2095,Pantene Pro-V Hair Science Hair fall Control shampoo,Pantene Pro-V Hair Science Deep Repair shampoo,0,sharma.gs@pg.com,25:39.4,NULL,NULL
2096,Pantene Pro-V Hair Science Hair fall Control shampoo,Pantene Pro-V Hair Science Healthy Shine shampoo,0,sharma.gs@pg.com,25:43.3,NULL,NULL
2097,Pantene Pro-V Hair Science Hair fall Control shampoo,Pantene Pro-V Hair Science Silky Smooth shampoo,0,sharma.gs@pg.com,25:47.4,NULL,NULL
2100,HC Base,Pantene Pro-V Hair Science Healthy Shine shampoo,1,sharma.gs@pg.com,26:23.6,NULL,NULL
2101,H&S 2in1 AD Shampoo + Conditioner Menthol Fresh,Pantene Pro-V Hair Science Healthy Shine shampoo,0,sharma.gs@pg.com,26:27.3,NULL,NULL
2102,H&S 2in1 AD Shampoo + Conditioner Shiny Black,Pantene Pro-V Hair Science Healthy Shine shampoo,0,sharma.gs@pg.com,26:31.2,NULL,NULL
2103,H&S 2in1 AD Shampoo + Conditioner Soft & Silky,Pantene Pro-V Hair Science Healthy Shine shampoo,0,sharma.gs@pg.com,26:35.2,NULL,NULL
2104,H&S Anti Dandruff Shampoo Anti hair Fall (for export only),Pantene Pro-V Hair Science Healthy Shine shampoo,0,sharma.gs@pg.com,26:39.3,NULL,NULL
2105,H&S Anti Dandruff Shampoo Cool Menthol (For Export only),Pantene Pro-V Hair Science Healthy Shine shampoo,0,sharma.gs@pg.com,26:43.2,NULL,NULL
2106,H&S Anti- Dandruff Shampoo Neem (Small sachet),Pantene Pro-V Hair Science Healthy Shine shampoo,0,sharma.gs@pg.com,26:47.1,NULL,NULL
2107,H&S Basic Clean (Climbazole),Pantene Pro-V Hair Science Healthy Shine shampoo,0,sharma.gs@pg.com,26:50.7,NULL,NULL
2108,H&S Basic Cool AD Shampoo (Low Betaine),Pantene Pro-V Hair Science Healthy Shine shampoo,0,sharma.gs@pg.com,26:54.4,NULL,NULL
2109,H&S Basic Smooth Anti-Dandruff Shampoo (Low Betaine),Pantene Pro-V Hair Science Healthy Shine shampoo,0,sharma.gs@pg.com,26:58.2,NULL,NULL
2110,H&S NEEM (Climbazole),Pantene Pro-V Hair Science Healthy Shine shampoo,0,sharma.gs@pg.com,27:02.2,NULL,NULL
2111,H&S Smooth & Silky (Export only),Pantene Pro-V Hair Science Healthy Shine shampoo,0,sharma.gs@pg.com,27:06.2,NULL,NULL
2112,Pantene Pro-V Hair Fall Protect Shampoo,Pantene Pro-V Hair Science Healthy Shine shampoo,0,sharma.gs@pg.com,27:10.7,NULL,NULL
2113,H&S Daily Clean Anti- Dandruff Shampoo,Pantene Pro-V Hair Science Healthy Shine shampoo,0,sharma.gs@pg.com,27:14.5,NULL,NULL
2114,H&S Daily Cool Anti- Dandruff Shampoo,Pantene Pro-V Hair Science Healthy Shine shampoo,0,sharma.gs@pg.com,27:18.4,NULL,NULL
2115,H&S Daily Smooth Anti- Dandruff Shampoo,Pantene Pro-V Hair Science Healthy Shine shampoo,0,sharma.gs@pg.com,27:22.3,NULL,NULL
2116,Pantene Pro-V Hair Science Luscious Thick shampoo,Pantene Pro-V Hair Science Healthy Shine shampoo,0,sharma.gs@pg.com,27:26.0,NULL,NULL
2117,Pantene Pro-V Hair Science Deep Repair shampoo,Pantene Pro-V Hair Science Healthy Shine shampoo,0,sharma.gs@pg.com,27:29.6,NULL,NULL
2118,Pantene Pro-V Hair Science Hair fall Control shampoo,Pantene Pro-V Hair Science Healthy Shine shampoo,0,sharma.gs@pg.com,27:33.5,NULL,NULL
2119,Pantene Pro-V Hair Science Healthy Shine shampoo,Pantene Pro-V Hair Science Healthy Shine shampoo,0,sharma.gs@pg.com,27:37.1,NULL,NULL
2120,Pantene Pro-V Hair Science Silky Smooth shampoo,Pantene Pro-V Hair Science Healthy Shine shampoo,0,sharma.gs@pg.com,27:40.6,NULL,NULL
2123,Pantene Pro-V Hair Science Healthy Shine shampoo,HC Base,1,sharma.gs@pg.com,27:52.4,NULL,NULL
2124,Pantene Pro-V Hair Science Healthy Shine shampoo,H&S 2in1 AD Shampoo + Conditioner Menthol Fresh,0,sharma.gs@pg.com,27:56.7,NULL,NULL
2125,Pantene Pro-V Hair Science Healthy Shine shampoo,H&S 2in1 AD Shampoo + Conditioner Shiny Black,0,sharma.gs@pg.com,28:00.7,NULL,NULL
2126,Pantene Pro-V Hair Science Healthy Shine shampoo,H&S 2in1 AD Shampoo + Conditioner Soft & Silky,0,sharma.gs@pg.com,28:04.6,NULL,NULL
2127,Pantene Pro-V Hair Science Healthy Shine shampoo,H&S Anti Dandruff Shampoo Anti hair Fall (for export only),0,sharma.gs@pg.com,28:09.0,NULL,NULL
2128,Pantene Pro-V Hair Science Healthy Shine shampoo,H&S Anti Dandruff Shampoo Cool Menthol (For Export only),0,sharma.gs@pg.com,28:12.9,NULL,NULL
2129,Pantene Pro-V Hair Science Healthy Shine shampoo,H&S Anti- Dandruff Shampoo Neem (Small sachet),0,sharma.gs@pg.com,28:17.4,NULL,NULL
2130,Pantene Pro-V Hair Science Healthy Shine shampoo,H&S Basic Clean (Climbazole),0,sharma.gs@pg.com,28:20.9,NULL,NULL
2131,Pantene Pro-V Hair Science Healthy Shine shampoo,H&S Basic Cool AD Shampoo (Low Betaine),0,sharma.gs@pg.com,28:24.4,NULL,NULL
2132,Pantene Pro-V Hair Science Healthy Shine shampoo,H&S Basic Smooth Anti-Dandruff Shampoo (Low Betaine),0,sharma.gs@pg.com,28:28.5,NULL,NULL
2133,Pantene Pro-V Hair Science Healthy Shine shampoo,H&S NEEM (Climbazole),0,sharma.gs@pg.com,28:32.4,NULL,NULL
2134,Pantene Pro-V Hair Science Healthy Shine shampoo,H&S Smooth & Silky (Export only),0,sharma.gs@pg.com,28:36.2,NULL,NULL
2135,Pantene Pro-V Hair Science Healthy Shine shampoo,Pantene Pro-V Hair Fall Protect Shampoo,0,sharma.gs@pg.com,28:40.1,NULL,NULL
2136,Pantene Pro-V Hair Science Healthy Shine shampoo,H&S Daily Clean Anti- Dandruff Shampoo,0,sharma.gs@pg.com,28:43.9,NULL,NULL
2137,Pantene Pro-V Hair Science Healthy Shine shampoo,H&S Daily Cool Anti- Dandruff Shampoo,0,sharma.gs@pg.com,28:48.1,NULL,NULL
2138,Pantene Pro-V Hair Science Healthy Shine shampoo,H&S Daily Smooth Anti- Dandruff Shampoo,0,sharma.gs@pg.com,28:52.0,NULL,NULL
2139,Pantene Pro-V Hair Science Healthy Shine shampoo,Pantene Pro-V Hair Science Luscious Thick shampoo,0,sharma.gs@pg.com,28:55.9,NULL,NULL
2140,Pantene Pro-V Hair Science Healthy Shine shampoo,Pantene Pro-V Hair Science Deep Repair shampoo,0,sharma.gs@pg.com,28:59.8,NULL,NULL
2141,Pantene Pro-V Hair Science Healthy Shine shampoo,Pantene Pro-V Hair Science Hair fall Control shampoo,0,sharma.gs@pg.com,29:04.1,NULL,NULL
2142,Pantene Pro-V Hair Science Healthy Shine shampoo,Pantene Pro-V Hair Science Silky Smooth shampoo,0,sharma.gs@pg.com,29:08.6,NULL,NULL
2145,HC Base,Pantene Pro-V Hair Science Silky Smooth shampoo,1,sharma.gs@pg.com,30:23.4,NULL,NULL
2146,H&S 2in1 AD Shampoo + Conditioner Menthol Fresh,Pantene Pro-V Hair Science Silky Smooth shampoo,0,sharma.gs@pg.com,30:27.3,NULL,NULL
2147,H&S 2in1 AD Shampoo + Conditioner Shiny Black,Pantene Pro-V Hair Science Silky Smooth shampoo,0,sharma.gs@pg.com,30:31.6,NULL,NULL
2148,H&S 2in1 AD Shampoo + Conditioner Soft & Silky,Pantene Pro-V Hair Science Silky Smooth shampoo,0,sharma.gs@pg.com,30:35.4,NULL,NULL
2149,H&S Anti Dandruff Shampoo Anti hair Fall (for export only),Pantene Pro-V Hair Science Silky Smooth shampoo,0,sharma.gs@pg.com,30:39.0,NULL,NULL
2150,H&S Anti Dandruff Shampoo Cool Menthol (For Export only),Pantene Pro-V Hair Science Silky Smooth shampoo,0,sharma.gs@pg.com,30:43.9,NULL,NULL
2151,H&S Anti- Dandruff Shampoo Neem (Small sachet),Pantene Pro-V Hair Science Silky Smooth shampoo,0,sharma.gs@pg.com,30:47.6,NULL,NULL
2152,H&S Basic Clean (Climbazole),Pantene Pro-V Hair Science Silky Smooth shampoo,0,sharma.gs@pg.com,30:51.9,NULL,NULL
2153,H&S Basic Cool AD Shampoo (Low Betaine),Pantene Pro-V Hair Science Silky Smooth shampoo,0,sharma.gs@pg.com,30:56.4,NULL,NULL
2154,H&S Basic Smooth Anti-Dandruff Shampoo (Low Betaine),Pantene Pro-V Hair Science Silky Smooth shampoo,0,sharma.gs@pg.com,31:00.3,NULL,NULL
2155,H&S NEEM (Climbazole),Pantene Pro-V Hair Science Silky Smooth shampoo,0,sharma.gs@pg.com,31:04.2,NULL,NULL
2156,H&S Smooth & Silky (Export only),Pantene Pro-V Hair Science Silky Smooth shampoo,0,sharma.gs@pg.com,31:08.2,NULL,NULL
2157,Pantene Pro-V Hair Fall Protect Shampoo,Pantene Pro-V Hair Science Silky Smooth shampoo,0,sharma.gs@pg.com,31:11.7,NULL,NULL
2158,H&S Daily Clean Anti- Dandruff Shampoo,Pantene Pro-V Hair Science Silky Smooth shampoo,0,sharma.gs@pg.com,31:15.1,NULL,NULL
2159,H&S Daily Cool Anti- Dandruff Shampoo,Pantene Pro-V Hair Science Silky Smooth shampoo,0,sharma.gs@pg.com,31:18.9,NULL,NULL
2160,H&S Daily Smooth Anti- Dandruff Shampoo,Pantene Pro-V Hair Science Silky Smooth shampoo,0,sharma.gs@pg.com,31:22.7,NULL,NULL
2161,Pantene Pro-V Hair Science Luscious Thick shampoo,Pantene Pro-V Hair Science Silky Smooth shampoo,0,sharma.gs@pg.com,31:27.1,NULL,NULL
2162,Pantene Pro-V Hair Science Deep Repair shampoo,Pantene Pro-V Hair Science Silky Smooth shampoo,0,sharma.gs@pg.com,31:31.0,NULL,NULL
2163,Pantene Pro-V Hair Science Hair fall Control shampoo,Pantene Pro-V Hair Science Silky Smooth shampoo,0,sharma.gs@pg.com,31:35.4,NULL,NULL
2164,Pantene Pro-V Hair Science Healthy Shine shampoo,Pantene Pro-V Hair Science Silky Smooth shampoo,0,sharma.gs@pg.com,31:40.1,NULL,NULL
2165,Pantene Pro-V Hair Science Silky Smooth shampoo,Pantene Pro-V Hair Science Silky Smooth shampoo,0,sharma.gs@pg.com,31:44.0,NULL,NULL
2168,Pantene Pro-V Hair Science Silky Smooth shampoo,HC Base,1,sharma.gs@pg.com,31:56.7,NULL,NULL
2169,Pantene Pro-V Hair Science Silky Smooth shampoo,H&S 2in1 AD Shampoo + Conditioner Menthol Fresh,0,sharma.gs@pg.com,32:00.7,NULL,NULL
2170,Pantene Pro-V Hair Science Silky Smooth shampoo,H&S 2in1 AD Shampoo + Conditioner Shiny Black,0,sharma.gs@pg.com,32:05.2,NULL,NULL
2171,Pantene Pro-V Hair Science Silky Smooth shampoo,H&S 2in1 AD Shampoo + Conditioner Soft & Silky,0,sharma.gs@pg.com,32:09.0,NULL,NULL
2172,Pantene Pro-V Hair Science Silky Smooth shampoo,H&S Anti Dandruff Shampoo Anti hair Fall (for export only),0,sharma.gs@pg.com,32:12.9,NULL,NULL
2173,Pantene Pro-V Hair Science Silky Smooth shampoo,H&S Anti Dandruff Shampoo Cool Menthol (For Export only),0,sharma.gs@pg.com,32:17.0,NULL,NULL
2174,Pantene Pro-V Hair Science Silky Smooth shampoo,H&S Anti- Dandruff Shampoo Neem (Small sachet),0,sharma.gs@pg.com,32:20.9,NULL,NULL
2175,Pantene Pro-V Hair Science Silky Smooth shampoo,H&S Basic Clean (Climbazole),0,sharma.gs@pg.com,32:24.8,NULL,NULL
2176,Pantene Pro-V Hair Science Silky Smooth shampoo,H&S Basic Cool AD Shampoo (Low Betaine),0,sharma.gs@pg.com,32:28.7,NULL,NULL
2177,Pantene Pro-V Hair Science Silky Smooth shampoo,H&S Basic Smooth Anti-Dandruff Shampoo (Low Betaine),0,sharma.gs@pg.com,32:33.1,NULL,NULL
2178,Pantene Pro-V Hair Science Silky Smooth shampoo,H&S NEEM (Climbazole),0,sharma.gs@pg.com,32:37.0,NULL,NULL
2179,Pantene Pro-V Hair Science Silky Smooth shampoo,H&S Smooth & Silky (Export only),0,sharma.gs@pg.com,32:42.0,NULL,NULL
2180,Pantene Pro-V Hair Science Silky Smooth shampoo,Pantene Pro-V Hair Fall Protect Shampoo,0,sharma.gs@pg.com,32:46.0,NULL,NULL
2181,Pantene Pro-V Hair Science Silky Smooth shampoo,H&S Daily Clean Anti- Dandruff Shampoo,0,sharma.gs@pg.com,32:49.8,NULL,NULL
2182,Pantene Pro-V Hair Science Silky Smooth shampoo,H&S Daily Cool Anti- Dandruff Shampoo,0,sharma.gs@pg.com,32:54.3,NULL,NULL
2183,Pantene Pro-V Hair Science Silky Smooth shampoo,H&S Daily Smooth Anti- Dandruff Shampoo,0,sharma.gs@pg.com,32:58.7,NULL,NULL
2184,Pantene Pro-V Hair Science Silky Smooth shampoo,Pantene Pro-V Hair Science Luscious Thick shampoo,0,sharma.gs@pg.com,33:03.0,NULL,NULL
2185,Pantene Pro-V Hair Science Silky Smooth shampoo,Pantene Pro-V Hair Science Deep Repair shampoo,0,sharma.gs@pg.com,33:07.0,NULL,NULL
2186,Pantene Pro-V Hair Science Silky Smooth shampoo,Pantene Pro-V Hair Science Hair fall Control shampoo,0,sharma.gs@pg.com,33:10.9,NULL,NULL
2187,Pantene Pro-V Hair Science Silky Smooth shampoo,Pantene Pro-V Hair Science Healthy Shine shampoo,0,sharma.gs@pg.com,33:14.8,NULL,NULL
2189,H&S 2in1 AD Shiny Black (LCV),H&S 2in1 AD Shampoo + Conditioner Menthol Fresh,0,System,47:03.7,NULL,NULL
2190,H&S 2in1 AD Shiny Black (LCV),H&S 2in1 AD Shampoo + Conditioner Shiny Black,0,System,47:07.9,NULL,NULL
2191,H&S 2in1 AD Shiny Black (LCV),H&S 2in1 AD Shampoo + Conditioner Soft & Silky,0,System,47:12.4,NULL,NULL
2192,H&S 2in1 AD Shiny Black (LCV),H&S 2in1 AD Shiny Black (LCV),0,System,47:16.3,NULL,NULL
2193,H&S 2in1 AD Shiny Black (LCV),H&S AD 2in1 Soft & Silky (LCV),0,System,47:20.5,NULL,NULL
2194,H&S 2in1 AD Shiny Black (LCV),H&S AD AHF (LCV),0,System,47:24.9,NULL,NULL
2195,H&S 2in1 AD Shiny Black (LCV),H&S AD Smooth & Silky (LCV),0,System,47:29.1,NULL,NULL
2196,H&S 2in1 AD Shiny Black (LCV),H&S Anti Dandruff Shampoo Anti hair Fall (for export only),0,System,47:33.7,NULL,NULL
2197,H&S 2in1 AD Shiny Black (LCV),H&S Anti Dandruff Shampoo Cool Menthol (For Export only),0,System,47:38.6,NULL,NULL
2198,H&S 2in1 AD Shiny Black (LCV),H&S Anti- Dandruff Shampoo Neem (Small sachet),0,System,47:43.1,NULL,NULL
2199,H&S 2in1 AD Shiny Black (LCV),H&S Smooth & Silky (Export only),0,System,47:46.9,NULL,NULL
2200,H&S 2in1 AD Shiny Black (LCV),HC Base,1,System,47:52.9,NULL,NULL
2201,H&S 2in1 AD Shiny Black (LCV),Pantene Pro-V Hair Fall Protect Shampoo,0,System,47:56.8,NULL,NULL
2202,H&S 2in1 AD Shiny Black (LCV),Pantene Pro-V Hair Science Deep Repair shampoo,0,System,48:02.1,NULL,NULL
2203,H&S 2in1 AD Shiny Black (LCV),Pantene Pro-V Hair Science Hair fall Control shampoo,0,System,48:06.4,NULL,NULL
2204,H&S 2in1 AD Shiny Black (LCV),Pantene Pro-V Hair Science Healthy Shine shampoo,0,System,48:10.6,NULL,NULL
2205,H&S 2in1 AD Shiny Black (LCV),Pantene Pro-V Hair Science Luscious Thick shampoo,0,System,48:15.0,NULL,NULL
2206,H&S 2in1 AD Shiny Black (LCV),Pantene Pro-V Hair Science Silky Smooth shampoo,0,System,48:18.9,NULL,NULL
2209,H&S 2in1 AD Shampoo + Conditioner Menthol Fresh,H&S 2in1 AD Shiny Black (LCV),0,System,48:32.0,NULL,NULL
2210,H&S 2in1 AD Shampoo + Conditioner Shiny Black,H&S 2in1 AD Shiny Black (LCV),0,System,48:36.4,NULL,NULL
2211,H&S 2in1 AD Shampoo + Conditioner Soft & Silky,H&S 2in1 AD Shiny Black (LCV),0,System,48:42.0,NULL,NULL
2212,H&S AD 2in1 Soft & Silky (LCV),H&S 2in1 AD Shiny Black (LCV),0,System,48:45.8,NULL,NULL
2213,H&S AD AHF (LCV),H&S 2in1 AD Shiny Black (LCV),0,System,48:49.9,NULL,NULL
2214,H&S AD Smooth & Silky (LCV),H&S 2in1 AD Shiny Black (LCV),0,System,48:53.8,NULL,NULL
2215,H&S Anti Dandruff Shampoo Anti hair Fall (for export only),H&S 2in1 AD Shiny Black (LCV),0,System,48:58.2,NULL,NULL
2216,H&S Anti Dandruff Shampoo Cool Menthol (For Export only),H&S 2in1 AD Shiny Black (LCV),0,System,49:02.1,NULL,NULL
2217,H&S Anti- Dandruff Shampoo Neem (Small sachet),H&S 2in1 AD Shiny Black (LCV),0,System,49:06.0,NULL,NULL
2218,H&S Smooth & Silky (Export only),H&S 2in1 AD Shiny Black (LCV),0,System,49:10.4,NULL,NULL
2219,HC Base,H&S 2in1 AD Shiny Black (LCV),1,System,49:14.2,NULL,NULL
2220,Pantene Pro-V Hair Fall Protect Shampoo,H&S 2in1 AD Shiny Black (LCV),0,System,49:18.8,NULL,NULL
2221,Pantene Pro-V Hair Science Deep Repair shampoo,H&S 2in1 AD Shiny Black (LCV),0,System,49:22.7,NULL,NULL
2222,Pantene Pro-V Hair Science Hair fall Control shampoo,H&S 2in1 AD Shiny Black (LCV),0,System,49:27.1,NULL,NULL
2223,Pantene Pro-V Hair Science Healthy Shine shampoo,H&S 2in1 AD Shiny Black (LCV),0,System,49:31.0,NULL,NULL
2224,Pantene Pro-V Hair Science Luscious Thick shampoo,H&S 2in1 AD Shiny Black (LCV),0,System,49:34.8,NULL,NULL
2225,Pantene Pro-V Hair Science Silky Smooth shampoo,H&S 2in1 AD Shiny Black (LCV),0,System,49:38.5,NULL,NULL
2228,H&S AD Smooth & Silky (LCV),H&S 2in1 AD Shampoo + Conditioner Menthol Fresh,0,System,57:00.6,NULL,NULL
2229,H&S AD Smooth & Silky (LCV),H&S 2in1 AD Shampoo + Conditioner Shiny Black,0,System,57:04.5,NULL,NULL
2230,H&S AD Smooth & Silky (LCV),H&S 2in1 AD Shampoo + Conditioner Soft & Silky,0,System,57:08.2,NULL,NULL
2231,H&S AD Smooth & Silky (LCV),H&S 2in1 AD Shiny Black (LCV),0,System,57:11.9,NULL,NULL
2232,H&S AD Smooth & Silky (LCV),H&S AD 2in1 Soft & Silky (LCV),0,System,57:16.4,NULL,NULL
2233,H&S AD Smooth & Silky (LCV),H&S AD AHF (LCV),0,System,57:20.5,NULL,NULL
2234,H&S AD Smooth & Silky (LCV),H&S AD Smooth & Silky (LCV),0,System,57:24.3,NULL,NULL
2235,H&S AD Smooth & Silky (LCV),H&S Anti Dandruff Shampoo Anti hair Fall (for export only),0,System,57:28.6,NULL,NULL
2236,H&S AD Smooth & Silky (LCV),H&S Anti Dandruff Shampoo Cool Menthol (For Export only),0,System,57:32.5,NULL,NULL
2237,H&S AD Smooth & Silky (LCV),H&S Anti- Dandruff Shampoo Neem (Small sachet),0,System,57:36.4,NULL,NULL
2238,H&S AD Smooth & Silky (LCV),H&S Smooth & Silky (Export only),0,System,57:40.0,NULL,NULL
2239,H&S AD Smooth & Silky (LCV),HC Base,1,System,57:44.3,NULL,NULL
2240,H&S AD Smooth & Silky (LCV),Pantene Pro-V Hair Fall Protect Shampoo,0,System,57:49.2,NULL,NULL
2241,H&S AD Smooth & Silky (LCV),Pantene Pro-V Hair Science Deep Repair shampoo,0,System,57:53.5,NULL,NULL
2242,H&S AD Smooth & Silky (LCV),Pantene Pro-V Hair Science Hair fall Control shampoo,0,System,57:57.4,NULL,NULL
2243,H&S AD Smooth & Silky (LCV),Pantene Pro-V Hair Science Healthy Shine shampoo,0,System,58:01.2,NULL,NULL
2244,H&S AD Smooth & Silky (LCV),Pantene Pro-V Hair Science Luscious Thick shampoo,0,System,58:05.2,NULL,NULL
2245,H&S AD Smooth & Silky (LCV),Pantene Pro-V Hair Science Silky Smooth shampoo,0,System,58:09.1,NULL,NULL
2248,H&S 2in1 AD Shampoo + Conditioner Menthol Fresh,H&S AD Smooth & Silky (LCV),0,System,58:21.8,NULL,NULL
2249,H&S 2in1 AD Shampoo + Conditioner Shiny Black,H&S AD Smooth & Silky (LCV),0,System,58:26.6,NULL,NULL
2250,H&S 2in1 AD Shampoo + Conditioner Soft & Silky,H&S AD Smooth & Silky (LCV),0,System,58:30.3,NULL,NULL
2251,H&S 2in1 AD Shiny Black (LCV),H&S AD Smooth & Silky (LCV),0,System,58:35.1,NULL,NULL
2252,H&S AD 2in1 Soft & Silky (LCV),H&S AD Smooth & Silky (LCV),0,System,58:39.0,NULL,NULL
2253,H&S AD AHF (LCV),H&S AD Smooth & Silky (LCV),0,System,58:42.5,NULL,NULL
2254,H&S Anti Dandruff Shampoo Anti hair Fall (for export only),H&S AD Smooth & Silky (LCV),0,System,58:46.1,NULL,NULL
2255,H&S Anti Dandruff Shampoo Cool Menthol (For Export only),H&S AD Smooth & Silky (LCV),0,System,58:49.7,NULL,NULL
2256,H&S Anti- Dandruff Shampoo Neem (Small sachet),H&S AD Smooth & Silky (LCV),0,System,58:53.3,NULL,NULL
2257,H&S Smooth & Silky (Export only),H&S AD Smooth & Silky (LCV),0,System,58:57.2,NULL,NULL
2258,HC Base,H&S AD Smooth & Silky (LCV),1,System,59:02.3,NULL,NULL
2259,Pantene Pro-V Hair Fall Protect Shampoo,H&S AD Smooth & Silky (LCV),0,System,59:06.6,NULL,NULL
2260,Pantene Pro-V Hair Science Deep Repair shampoo,H&S AD Smooth & Silky (LCV),0,System,59:11.3,NULL,NULL
2261,Pantene Pro-V Hair Science Hair fall Control shampoo,H&S AD Smooth & Silky (LCV),0,System,59:15.1,NULL,NULL
2262,Pantene Pro-V Hair Science Healthy Shine shampoo,H&S AD Smooth & Silky (LCV),0,System,59:18.6,NULL,NULL
2263,Pantene Pro-V Hair Science Luscious Thick shampoo,H&S AD Smooth & Silky (LCV),0,System,59:22.8,NULL,NULL
2264,Pantene Pro-V Hair Science Silky Smooth shampoo,H&S AD Smooth & Silky (LCV),0,System,59:27.7,NULL,NULL
2267,H&S AD 2in1 Soft & Silky (LCV),H&S 2in1 AD Shampoo + Conditioner Menthol Fresh,0,System,18:29.8,NULL,NULL
2268,H&S AD 2in1 Soft & Silky (LCV),H&S 2in1 AD Shampoo + Conditioner Shiny Black,0,System,18:33.9,NULL,NULL
2269,H&S AD 2in1 Soft & Silky (LCV),H&S 2in1 AD Shampoo + Conditioner Soft & Silky,0,System,18:37.6,NULL,NULL
2270,H&S AD 2in1 Soft & Silky (LCV),H&S 2in1 AD Shiny Black (LCV),0,System,18:42.2,NULL,NULL
2271,H&S AD 2in1 Soft & Silky (LCV),H&S AD 2in1 Soft & Silky (LCV),0,System,18:45.9,NULL,NULL
2272,H&S AD 2in1 Soft & Silky (LCV),H&S AD AHF (LCV),0,System,18:49.6,NULL,NULL
2273,H&S AD 2in1 Soft & Silky (LCV),H&S AD Smooth & Silky (LCV),0,System,18:53.3,NULL,NULL
2274,H&S AD 2in1 Soft & Silky (LCV),H&S Anti Dandruff Shampoo Anti hair Fall (for export only),0,System,18:57.0,NULL,NULL
2275,H&S AD 2in1 Soft & Silky (LCV),H&S Anti Dandruff Shampoo Cool Menthol (For Export only),0,System,19:00.7,NULL,NULL
2276,H&S AD 2in1 Soft & Silky (LCV),H&S Anti- Dandruff Shampoo Neem (Small sachet),0,System,19:04.3,NULL,NULL
2277,H&S AD 2in1 Soft & Silky (LCV),H&S Smooth & Silky (Export only),0,System,19:08.1,NULL,NULL
2278,H&S AD 2in1 Soft & Silky (LCV),HC Base,1,System,19:11.8,NULL,NULL
2279,H&S AD 2in1 Soft & Silky (LCV),Pantene Pro-V Hair Fall Protect Shampoo,0,System,19:15.4,NULL,NULL
2280,H&S AD 2in1 Soft & Silky (LCV),Pantene Pro-V Hair Science Deep Repair shampoo,0,System,19:19.6,NULL,NULL
2281,H&S AD 2in1 Soft & Silky (LCV),Pantene Pro-V Hair Science Hair fall Control shampoo,0,System,19:23.3,NULL,NULL
2282,H&S AD 2in1 Soft & Silky (LCV),Pantene Pro-V Hair Science Healthy Shine shampoo,0,System,19:26.9,NULL,NULL
2283,H&S AD 2in1 Soft & Silky (LCV),Pantene Pro-V Hair Science Luscious Thick shampoo,0,System,19:30.9,NULL,NULL
2284,H&S AD 2in1 Soft & Silky (LCV),Pantene Pro-V Hair Science Silky Smooth shampoo,0,System,19:34.7,NULL,NULL
2287,H&S 2in1 AD Shampoo + Conditioner Menthol Fresh,H&S AD 2in1 Soft & Silky (LCV),0,System,19:46.0,NULL,NULL
2288,H&S 2in1 AD Shampoo + Conditioner Shiny Black,H&S AD 2in1 Soft & Silky (LCV),0,System,19:49.8,NULL,NULL
2289,H&S 2in1 AD Shampoo + Conditioner Soft & Silky,H&S AD 2in1 Soft & Silky (LCV),0,System,19:53.5,NULL,NULL
2290,H&S 2in1 AD Shiny Black (LCV),H&S AD 2in1 Soft & Silky (LCV),0,System,19:57.2,NULL,NULL
2291,H&S AD AHF (LCV),H&S AD 2in1 Soft & Silky (LCV),0,System,20:00.8,NULL,NULL
2292,H&S AD Smooth & Silky (LCV),H&S AD 2in1 Soft & Silky (LCV),0,System,20:04.6,NULL,NULL
2293,H&S Anti Dandruff Shampoo Anti hair Fall (for export only),H&S AD 2in1 Soft & Silky (LCV),0,System,20:08.6,NULL,NULL
2294,H&S Anti Dandruff Shampoo Cool Menthol (For Export only),H&S AD 2in1 Soft & Silky (LCV),0,System,20:12.3,NULL,NULL
2295,H&S Anti- Dandruff Shampoo Neem (Small sachet),H&S AD 2in1 Soft & Silky (LCV),0,System,20:16.0,NULL,NULL
2296,H&S Smooth & Silky (Export only),H&S AD 2in1 Soft & Silky (LCV),0,System,20:19.7,NULL,NULL
2297,HC Base,H&S AD 2in1 Soft & Silky (LCV),1,System,20:23.3,NULL,NULL
2298,Pantene Pro-V Hair Fall Protect Shampoo,H&S AD 2in1 Soft & Silky (LCV),0,System,20:27.5,NULL,NULL
2299,Pantene Pro-V Hair Science Deep Repair shampoo,H&S AD 2in1 Soft & Silky (LCV),0,System,20:31.2,NULL,NULL
2300,Pantene Pro-V Hair Science Hair fall Control shampoo,H&S AD 2in1 Soft & Silky (LCV),0,System,20:34.8,NULL,NULL
2301,Pantene Pro-V Hair Science Healthy Shine shampoo,H&S AD 2in1 Soft & Silky (LCV),0,System,20:38.7,NULL,NULL
2302,Pantene Pro-V Hair Science Luscious Thick shampoo,H&S AD 2in1 Soft & Silky (LCV),0,System,20:42.4,NULL,NULL
2303,Pantene Pro-V Hair Science Silky Smooth shampoo,H&S AD 2in1 Soft & Silky (LCV),0,System,20:46.1,NULL,NULL
2306,H&S AD AHF (LCV),H&S 2in1 AD Shampoo + Conditioner Menthol Fresh,0,System,02:40.6,NULL,NULL
2307,H&S AD AHF (LCV),H&S 2in1 AD Shampoo + Conditioner Shiny Black,0,System,02:44.5,NULL,NULL
2308,H&S AD AHF (LCV),H&S 2in1 AD Shampoo + Conditioner Soft & Silky,0,System,02:48.4,NULL,NULL
2309,H&S AD AHF (LCV),H&S 2in1 AD Shiny Black (LCV),0,System,02:52.3,NULL,NULL
2310,H&S AD AHF (LCV),H&S AD 2in1 Soft & Silky (LCV),0,System,02:56.2,NULL,NULL
2311,H&S AD AHF (LCV),H&S AD AHF (LCV),0,System,03:00.0,NULL,NULL
2312,H&S AD AHF (LCV),H&S AD Smooth & Silky (LCV),0,System,03:04.3,NULL,NULL
2313,H&S AD AHF (LCV),H&S Anti Dandruff Shampoo Anti hair Fall (for export only),0,System,03:08.1,NULL,NULL
2314,H&S AD AHF (LCV),H&S Anti Dandruff Shampoo Cool Menthol (For Export only),0,System,03:11.8,NULL,NULL
2315,H&S AD AHF (LCV),H&S Anti- Dandruff Shampoo Neem (Small sachet),0,System,03:16.1,NULL,NULL
2316,H&S AD AHF (LCV),H&S Smooth & Silky (Export only),0,System,03:20.2,NULL,NULL
2317,H&S AD AHF (LCV),HC Base,1,System,03:24.6,NULL,NULL
2318,H&S AD AHF (LCV),Pantene Pro-V Hair Fall Protect Shampoo,0,System,03:28.3,NULL,NULL
2319,H&S AD AHF (LCV),Pantene Pro-V Hair Science Deep Repair shampoo,0,System,03:32.4,NULL,NULL
2320,H&S AD AHF (LCV),Pantene Pro-V Hair Science Hair fall Control shampoo,0,System,03:36.3,NULL,NULL
2321,H&S AD AHF (LCV),Pantene Pro-V Hair Science Healthy Shine shampoo,0,System,03:40.3,NULL,NULL
2322,H&S AD AHF (LCV),Pantene Pro-V Hair Science Luscious Thick shampoo,0,System,03:44.2,NULL,NULL
2323,H&S AD AHF (LCV),Pantene Pro-V Hair Science Silky Smooth shampoo,0,System,03:48.0,NULL,NULL
2326,H&S 2in1 AD Shampoo + Conditioner Menthol Fresh,H&S AD AHF (LCV),0,System,03:59.5,NULL,NULL
2327,H&S 2in1 AD Shampoo + Conditioner Shiny Black,H&S AD AHF (LCV),0,System,04:03.3,NULL,NULL
2328,H&S 2in1 AD Shampoo + Conditioner Soft & Silky,H&S AD AHF (LCV),0,System,04:07.1,NULL,NULL
2329,H&S 2in1 AD Shiny Black (LCV),H&S AD AHF (LCV),0,System,04:10.9,NULL,NULL
2330,H&S AD 2in1 Soft & Silky (LCV),H&S AD AHF (LCV),0,System,04:14.6,NULL,NULL
2331,H&S AD Smooth & Silky (LCV),H&S AD AHF (LCV),0,System,04:18.4,NULL,NULL
2332,H&S Anti Dandruff Shampoo Anti hair Fall (for export only),H&S AD AHF (LCV),0,System,04:22.2,NULL,NULL
2333,H&S Anti Dandruff Shampoo Cool Menthol (For Export only),H&S AD AHF (LCV),0,System,04:26.0,NULL,NULL
2334,H&S Anti- Dandruff Shampoo Neem (Small sachet),H&S AD AHF (LCV),0,System,04:30.3,NULL,NULL
2335,H&S Smooth & Silky (Export only),H&S AD AHF (LCV),0,System,04:34.1,NULL,NULL
2336,HC Base,H&S AD AHF (LCV),1,System,04:38.0,NULL,NULL
2337,Pantene Pro-V Hair Fall Protect Shampoo,H&S AD AHF (LCV),0,System,04:41.8,NULL,NULL
2338,Pantene Pro-V Hair Science Deep Repair shampoo,H&S AD AHF (LCV),0,System,04:45.7,NULL,NULL
2339,Pantene Pro-V Hair Science Hair fall Control shampoo,H&S AD AHF (LCV),0,System,04:49.5,NULL,NULL
2340,Pantene Pro-V Hair Science Healthy Shine shampoo,H&S AD AHF (LCV),0,System,04:53.4,NULL,NULL
2341,Pantene Pro-V Hair Science Luscious Thick shampoo,H&S AD AHF (LCV),0,System,04:57.3,NULL,NULL
2342,Pantene Pro-V Hair Science Silky Smooth shampoo,H&S AD AHF (LCV),0,System,05:01.1,NULL,NULL
2406,H&S 2in1 AD Shampoo + Conditioner Menthol Fresh,PTN Pro-V 2 in1 Shampoo + Conditioner Deep Repair(Athena) ,0,Rana.d@pg.com,35:51.9,Rana.d@pg.com,35:51.9
2407,H&S 2in1 AD Shampoo + Conditioner Menthol Fresh,PTN Pro-V 2 in1 Shampoo + Conditioner Hair Fall Control(Athena) ,0,Rana.d@pg.com,35:51.9,Rana.d@pg.com,35:51.9
2408,H&S 2in1 AD Shampoo + Conditioner Menthol Fresh,PTN Pro-V 2 in1 Shampoo + Conditioner Silky Smooth(Athena) ,0,Rana.d@pg.com,35:51.9,Rana.d@pg.com,35:51.9
2413,HC Base,PTN Pro-V 2 in1 Shampoo + Conditioner Deep Repair(Athena) ,1,Rana.d@pg.com,35:51.9,NULL,NULL
2414,HC Base,PTN Pro-V 2 in1 Shampoo + Conditioner Hair Fall Control(Athena) ,1,Rana.d@pg.com,35:51.9,NULL,NULL
2415,HC Base,PTN Pro-V 2 in1 Shampoo + Conditioner Silky Smooth(Athena) ,1,Rana.d@pg.com,35:51.9,NULL,NULL
2416,H&S 2in1 AD Shampoo + Conditioner Shiny Black,PTN Pro-V 2 in1 Shampoo + Conditioner Deep Repair(Athena) ,0,Rana.d@pg.com,35:51.9,NULL,NULL
2417,H&S 2in1 AD Shampoo + Conditioner Shiny Black,PTN Pro-V 2 in1 Shampoo + Conditioner Hair Fall Control(Athena) ,0,Rana.d@pg.com,35:51.9,NULL,NULL
2418,H&S 2in1 AD Shampoo + Conditioner Shiny Black,PTN Pro-V 2 in1 Shampoo + Conditioner Silky Smooth(Athena) ,0,Rana.d@pg.com,35:51.9,NULL,NULL
2419,H&S 2in1 AD Shampoo + Conditioner Soft & Silky,PTN Pro-V 2 in1 Shampoo + Conditioner Deep Repair(Athena) ,0,Rana.d@pg.com,35:51.9,NULL,NULL
2420,H&S 2in1 AD Shampoo + Conditioner Soft & Silky,PTN Pro-V 2 in1 Shampoo + Conditioner Hair Fall Control(Athena) ,0,Rana.d@pg.com,35:51.9,NULL,NULL
2421,H&S 2in1 AD Shampoo + Conditioner Soft & Silky,PTN Pro-V 2 in1 Shampoo + Conditioner Silky Smooth(Athena) ,0,Rana.d@pg.com,35:51.9,NULL,NULL
2422,H&S 2in1 AD Shiny Black (LCV),PTN Pro-V 2 in1 Shampoo + Conditioner Deep Repair(Athena) ,0,Rana.d@pg.com,35:51.9,NULL,NULL
2423,H&S 2in1 AD Shiny Black (LCV),PTN Pro-V 2 in1 Shampoo + Conditioner Hair Fall Control(Athena) ,0,Rana.d@pg.com,35:51.9,NULL,NULL
2424,H&S 2in1 AD Shiny Black (LCV),PTN Pro-V 2 in1 Shampoo + Conditioner Silky Smooth(Athena) ,0,Rana.d@pg.com,35:51.9,NULL,NULL
2425,H&S AD 2in1 Soft & Silky (LCV),PTN Pro-V 2 in1 Shampoo + Conditioner Deep Repair(Athena) ,0,Rana.d@pg.com,35:51.9,NULL,NULL
2426,H&S AD 2in1 Soft & Silky (LCV),PTN Pro-V 2 in1 Shampoo + Conditioner Hair Fall Control(Athena) ,0,Rana.d@pg.com,35:51.9,NULL,NULL
2427,H&S AD 2in1 Soft & Silky (LCV),PTN Pro-V 2 in1 Shampoo + Conditioner Silky Smooth(Athena) ,0,Rana.d@pg.com,35:51.9,NULL,NULL
2428,H&S AD AHF (LCV),PTN Pro-V 2 in1 Shampoo + Conditioner Deep Repair(Athena) ,0,Rana.d@pg.com,35:51.9,NULL,NULL
2429,H&S AD AHF (LCV),PTN Pro-V 2 in1 Shampoo + Conditioner Hair Fall Control(Athena) ,0,Rana.d@pg.com,35:51.9,NULL,NULL
2430,H&S AD AHF (LCV),PTN Pro-V 2 in1 Shampoo + Conditioner Silky Smooth(Athena) ,0,Rana.d@pg.com,35:51.9,NULL,NULL
2431,H&S AD Smooth & Silky (LCV),PTN Pro-V 2 in1 Shampoo + Conditioner Deep Repair(Athena) ,0,Rana.d@pg.com,35:51.9,NULL,NULL
2432,H&S AD Smooth & Silky (LCV),PTN Pro-V 2 in1 Shampoo + Conditioner Hair Fall Control(Athena) ,0,Rana.d@pg.com,35:51.9,NULL,NULL
2433,H&S AD Smooth & Silky (LCV),PTN Pro-V 2 in1 Shampoo + Conditioner Silky Smooth(Athena) ,0,Rana.d@pg.com,35:51.9,NULL,NULL
2434,H&S Anti Dandruff Shampoo Anti hair Fall (for export only),PTN Pro-V 2 in1 Shampoo + Conditioner Deep Repair(Athena) ,0,Rana.d@pg.com,35:51.9,NULL,NULL
2435,H&S Anti Dandruff Shampoo Anti hair Fall (for export only),PTN Pro-V 2 in1 Shampoo + Conditioner Hair Fall Control(Athena) ,0,Rana.d@pg.com,35:51.9,NULL,NULL
2436,H&S Anti Dandruff Shampoo Anti hair Fall (for export only),PTN Pro-V 2 in1 Shampoo + Conditioner Silky Smooth(Athena) ,0,Rana.d@pg.com,35:51.9,NULL,NULL
2437,H&S Anti Dandruff Shampoo Cool Menthol (For Export only),PTN Pro-V 2 in1 Shampoo + Conditioner Deep Repair(Athena) ,0,Rana.d@pg.com,35:51.9,NULL,NULL
2438,H&S Anti Dandruff Shampoo Cool Menthol (For Export only),PTN Pro-V 2 in1 Shampoo + Conditioner Hair Fall Control(Athena) ,0,Rana.d@pg.com,35:51.9,NULL,NULL
2439,H&S Anti Dandruff Shampoo Cool Menthol (For Export only),PTN Pro-V 2 in1 Shampoo + Conditioner Silky Smooth(Athena) ,0,Rana.d@pg.com,35:51.9,NULL,NULL
2440,H&S Anti- Dandruff Shampoo Neem (Small sachet),PTN Pro-V 2 in1 Shampoo + Conditioner Deep Repair(Athena) ,0,Rana.d@pg.com,35:51.9,NULL,NULL
2441,H&S Anti- Dandruff Shampoo Neem (Small sachet),PTN Pro-V 2 in1 Shampoo + Conditioner Hair Fall Control(Athena) ,0,Rana.d@pg.com,35:51.9,NULL,NULL
2442,H&S Anti- Dandruff Shampoo Neem (Small sachet),PTN Pro-V 2 in1 Shampoo + Conditioner Silky Smooth(Athena) ,0,Rana.d@pg.com,35:51.9,NULL,NULL
2443,H&S Basic Clean (Climbazole),PTN Pro-V 2 in1 Shampoo + Conditioner Deep Repair(Athena) ,0,Rana.d@pg.com,35:51.9,NULL,NULL
2444,H&S Basic Clean (Climbazole),PTN Pro-V 2 in1 Shampoo + Conditioner Hair Fall Control(Athena) ,0,Rana.d@pg.com,35:51.9,NULL,NULL
2445,H&S Basic Clean (Climbazole),PTN Pro-V 2 in1 Shampoo + Conditioner Silky Smooth(Athena) ,0,Rana.d@pg.com,35:51.9,NULL,NULL
2446,H&S Basic Cool (Climbazole),PTN Pro-V 2 in1 Shampoo + Conditioner Deep Repair(Athena) ,0,Rana.d@pg.com,35:51.9,NULL,NULL
2447,H&S Basic Cool (Climbazole),PTN Pro-V 2 in1 Shampoo + Conditioner Hair Fall Control(Athena) ,0,Rana.d@pg.com,35:51.9,NULL,NULL
2448,H&S Basic Cool (Climbazole),PTN Pro-V 2 in1 Shampoo + Conditioner Silky Smooth(Athena) ,0,Rana.d@pg.com,35:51.9,NULL,NULL
2449,H&S Basic Cool AD Shampoo (Low Betaine),PTN Pro-V 2 in1 Shampoo + Conditioner Deep Repair(Athena) ,0,Rana.d@pg.com,35:51.9,NULL,NULL
2450,H&S Basic Cool AD Shampoo (Low Betaine),PTN Pro-V 2 in1 Shampoo + Conditioner Hair Fall Control(Athena) ,0,Rana.d@pg.com,35:51.9,NULL,NULL
2451,H&S Basic Cool AD Shampoo (Low Betaine),PTN Pro-V 2 in1 Shampoo + Conditioner Silky Smooth(Athena) ,0,Rana.d@pg.com,35:51.9,NULL,NULL
2452,H&S Basic smooth (Climbazole),PTN Pro-V 2 in1 Shampoo + Conditioner Deep Repair(Athena) ,0,Rana.d@pg.com,35:51.9,NULL,NULL
2453,H&S Basic smooth (Climbazole),PTN Pro-V 2 in1 Shampoo + Conditioner Hair Fall Control(Athena) ,0,Rana.d@pg.com,35:51.9,NULL,NULL
2454,H&S Basic smooth (Climbazole),PTN Pro-V 2 in1 Shampoo + Conditioner Silky Smooth(Athena) ,0,Rana.d@pg.com,35:51.9,NULL,NULL
2455,H&S Basic Smooth Anti-Dandruff Shampoo (Low Betaine),PTN Pro-V 2 in1 Shampoo + Conditioner Deep Repair(Athena) ,0,Rana.d@pg.com,35:51.9,NULL,NULL
2456,H&S Basic Smooth Anti-Dandruff Shampoo (Low Betaine),PTN Pro-V 2 in1 Shampoo + Conditioner Hair Fall Control(Athena) ,0,Rana.d@pg.com,35:51.9,NULL,NULL
2457,H&S Basic Smooth Anti-Dandruff Shampoo (Low Betaine),PTN Pro-V 2 in1 Shampoo + Conditioner Silky Smooth(Athena) ,0,Rana.d@pg.com,35:51.9,NULL,NULL
2458,H&S Daily Clean Anti- Dandruff Shampoo,PTN Pro-V 2 in1 Shampoo + Conditioner Deep Repair(Athena) ,0,Rana.d@pg.com,35:51.9,NULL,NULL
2459,H&S Daily Clean Anti- Dandruff Shampoo,PTN Pro-V 2 in1 Shampoo + Conditioner Hair Fall Control(Athena) ,0,Rana.d@pg.com,35:51.9,NULL,NULL
2460,H&S Daily Clean Anti- Dandruff Shampoo,PTN Pro-V 2 in1 Shampoo + Conditioner Silky Smooth(Athena) ,0,Rana.d@pg.com,35:51.9,NULL,NULL
2461,H&S Daily Cool Anti- Dandruff Shampoo,PTN Pro-V 2 in1 Shampoo + Conditioner Deep Repair(Athena) ,0,Rana.d@pg.com,35:51.9,NULL,NULL
2462,H&S Daily Cool Anti- Dandruff Shampoo,PTN Pro-V 2 in1 Shampoo + Conditioner Hair Fall Control(Athena) ,0,Rana.d@pg.com,35:51.9,NULL,NULL
2463,H&S Daily Cool Anti- Dandruff Shampoo,PTN Pro-V 2 in1 Shampoo + Conditioner Silky Smooth(Athena) ,0,Rana.d@pg.com,35:51.9,NULL,NULL
2464,H&S Daily Smooth Anti- Dandruff Shampoo,PTN Pro-V 2 in1 Shampoo + Conditioner Deep Repair(Athena) ,0,Rana.d@pg.com,35:51.9,NULL,NULL
2465,H&S Daily Smooth Anti- Dandruff Shampoo,PTN Pro-V 2 in1 Shampoo + Conditioner Hair Fall Control(Athena) ,0,Rana.d@pg.com,35:51.9,NULL,NULL
2466,H&S Daily Smooth Anti- Dandruff Shampoo,PTN Pro-V 2 in1 Shampoo + Conditioner Silky Smooth(Athena) ,0,Rana.d@pg.com,35:51.9,NULL,NULL
2467,H&S Neem,PTN Pro-V 2 in1 Shampoo + Conditioner Deep Repair(Athena) ,0,Rana.d@pg.com,35:51.9,NULL,NULL
2468,H&S Neem,PTN Pro-V 2 in1 Shampoo + Conditioner Hair Fall Control(Athena) ,0,Rana.d@pg.com,35:51.9,NULL,NULL
2469,H&S Neem,PTN Pro-V 2 in1 Shampoo + Conditioner Silky Smooth(Athena) ,0,Rana.d@pg.com,35:51.9,NULL,NULL
2470,H&S NEEM (Climbazole),PTN Pro-V 2 in1 Shampoo + Conditioner Deep Repair(Athena),0,Rana.d@pg.com,35:51.9,NULL,NULL
2471,H&S NEEM (Climbazole),PTN Pro-V 2 in1 Shampoo + Conditioner Hair Fall Control(Athena),0,Rana.d@pg.com,35:51.9,NULL,NULL
2472,H&S NEEM (Climbazole),PTN Pro-V 2 in1 Shampoo + Conditioner Silky Smooth(Athena),0,Rana.d@pg.com,35:51.9,NULL,NULL
2473,H&S Smooth & Silky (Export only),PTN Pro-V 2 in1 Shampoo + Conditioner Deep Repair(Athena),0,Rana.d@pg.com,35:51.9,NULL,NULL
2474,H&S Smooth & Silky (Export only),PTN Pro-V 2 in1 Shampoo + Conditioner Hair Fall Control(Athena),0,Rana.d@pg.com,35:51.9,NULL,NULL
2475,H&S Smooth & Silky (Export only),PTN Pro-V 2 in1 Shampoo + Conditioner Silky Smooth(Athena),0,Rana.d@pg.com,35:51.9,NULL,NULL
2476,Pantene Pro-V Hair Fall Protect Shampoo,PTN Pro-V 2 in1 Shampoo + Conditioner Deep Repair(Athena),0,Rana.d@pg.com,35:51.9,NULL,NULL
2477,Pantene Pro-V Hair Fall Protect Shampoo,PTN Pro-V 2 in1 Shampoo + Conditioner Hair Fall Control(Athena),0,Rana.d@pg.com,35:51.9,NULL,NULL
2478,Pantene Pro-V Hair Fall Protect Shampoo,PTN Pro-V 2 in1 Shampoo + Conditioner Silky Smooth(Athena),0,Rana.d@pg.com,35:51.9,NULL,NULL
2479,Pantene Pro-V Hair Science Deep Repair shampoo,PTN Pro-V 2 in1 Shampoo + Conditioner Deep Repair(Athena),0,Rana.d@pg.com,35:51.9,NULL,NULL
2480,Pantene Pro-V Hair Science Deep Repair shampoo,PTN Pro-V 2 in1 Shampoo + Conditioner Hair Fall Control(Athena),0,Rana.d@pg.com,35:51.9,NULL,NULL
2481,Pantene Pro-V Hair Science Deep Repair shampoo,PTN Pro-V 2 in1 Shampoo + Conditioner Silky Smooth(Athena),0,Rana.d@pg.com,35:51.9,NULL,NULL
2482,Pantene Pro-V Hair Science Hair fall Control shampoo,PTN Pro-V 2 in1 Shampoo + Conditioner Deep Repair(Athena),0,Rana.d@pg.com,35:51.9,NULL,NULL
2483,Pantene Pro-V Hair Science Hair fall Control shampoo,PTN Pro-V 2 in1 Shampoo + Conditioner Hair Fall Control(Athena),0,Rana.d@pg.com,35:51.9,NULL,NULL
2484,Pantene Pro-V Hair Science Hair fall Control shampoo,PTN Pro-V 2 in1 Shampoo + Conditioner Silky Smooth(Athena),0,Rana.d@pg.com,35:51.9,NULL,NULL
2485,Pantene Pro-V Hair Science Healthy Shine shampoo,PTN Pro-V 2 in1 Shampoo + Conditioner Deep Repair(Athena),0,Rana.d@pg.com,35:51.9,NULL,NULL
2486,Pantene Pro-V Hair Science Healthy Shine shampoo,PTN Pro-V 2 in1 Shampoo + Conditioner Hair Fall Control(Athena),0,Rana.d@pg.com,35:51.9,NULL,NULL
2487,Pantene Pro-V Hair Science Healthy Shine shampoo,PTN Pro-V 2 in1 Shampoo + Conditioner Silky Smooth(Athena),0,Rana.d@pg.com,35:51.9,NULL,NULL
2488,Pantene Pro-V Hair Science Luscious Thick shampoo,PTN Pro-V 2 in1 Shampoo + Conditioner Deep Repair(Athena),0,Rana.d@pg.com,35:51.9,NULL,NULL
2489,Pantene Pro-V Hair Science Luscious Thick shampoo,PTN Pro-V 2 in1 Shampoo + Conditioner Hair Fall Control(Athena),0,Rana.d@pg.com,35:51.9,NULL,NULL
2490,Pantene Pro-V Hair Science Luscious Thick shampoo,PTN Pro-V 2 in1 Shampoo + Conditioner Silky Smooth(Athena),0,Rana.d@pg.com,35:51.9,NULL,NULL
2491,Pantene Pro-V Hair Science Silky Smooth shampoo,PTN Pro-V 2 in1 Shampoo + Conditioner Deep Repair(Athena),0,Rana.d@pg.com,35:51.9,NULL,NULL
2492,Pantene Pro-V Hair Science Silky Smooth shampoo,PTN Pro-V 2 in1 Shampoo + Conditioner Hair Fall Control(Athena),0,Rana.d@pg.com,35:51.9,NULL,NULL
2493,Pantene Pro-V Hair Science Silky Smooth shampoo,PTN Pro-V 2 in1 Shampoo + Conditioner Silky Smooth(Athena),0,Rana.d@pg.com,35:51.9,NULL,NULL
2494,PTN HFC (Colossus),PTN Pro-V 2 in1 Shampoo + Conditioner Deep Repair(Athena),0,Rana.d@pg.com,35:51.9,NULL,NULL
2495,PTN HFC (Colossus),PTN Pro-V 2 in1 Shampoo + Conditioner Hair Fall Control(Athena),0,Rana.d@pg.com,35:51.9,NULL,NULL
2496,PTN HFC (Colossus),PTN Pro-V 2 in1 Shampoo + Conditioner Silky Smooth(Athena),0,Rana.d@pg.com,35:51.9,NULL,NULL
2497,PTN LB (Colossus),PTN Pro-V 2 in1 Shampoo + Conditioner Deep Repair(Athena),0,Rana.d@pg.com,35:51.9,NULL,NULL
2498,PTN LB (Colossus),PTN Pro-V 2 in1 Shampoo + Conditioner Hair Fall Control(Athena),0,Rana.d@pg.com,35:51.9,NULL,NULL
2499,PTN LB (Colossus),PTN Pro-V 2 in1 Shampoo + Conditioner Silky Smooth(Athena),0,Rana.d@pg.com,35:51.9,NULL,NULL
2500,PTN NS,PTN Pro-V 2 in1 Shampoo + Conditioner Deep Repair(Athena),0,Rana.d@pg.com,35:51.9,NULL,NULL
2501,PTN NS,PTN Pro-V 2 in1 Shampoo + Conditioner Hair Fall Control(Athena),0,Rana.d@pg.com,35:51.9,NULL,NULL
2502,PTN NS,PTN Pro-V 2 in1 Shampoo + Conditioner Silky Smooth(Athena),0,Rana.d@pg.com,35:51.9,NULL,NULL
2503,PTN NST,PTN Pro-V 2 in1 Shampoo + Conditioner Deep Repair(Athena),0,Rana.d@pg.com,35:51.9,NULL,NULL
2504,PTN NST,PTN Pro-V 2 in1 Shampoo + Conditioner Hair Fall Control(Athena),0,Rana.d@pg.com,35:51.9,NULL,NULL
2505,PTN NST,PTN Pro-V 2 in1 Shampoo + Conditioner Silky Smooth(Athena),0,Rana.d@pg.com,35:51.9,NULL,NULL
2506,PTN PRO-V 2 IN1 SHAMPOO + CONDITIONER DEEP REPAIR,PTN Pro-V 2 in1 Shampoo + Conditioner Deep Repair(Athena),0,Rana.d@pg.com,35:51.9,NULL,NULL
2507,PTN PRO-V 2 IN1 SHAMPOO + CONDITIONER DEEP REPAIR,PTN Pro-V 2 in1 Shampoo + Conditioner Hair Fall Control(Athena),0,Rana.d@pg.com,35:51.9,NULL,NULL
2508,PTN PRO-V 2 IN1 SHAMPOO + CONDITIONER DEEP REPAIR,PTN Pro-V 2 in1 Shampoo + Conditioner Silky Smooth(Athena),0,Rana.d@pg.com,35:51.9,NULL,NULL
2509,PTN Pro-V 2 in1 Shampoo + Conditioner Deep Repair(Athena) ,PTN Pro-V 2 in1 Shampoo + Conditioner Deep Repair(Athena),0,Rana.d@pg.com,35:51.9,NULL,NULL
2510,PTN Pro-V 2 in1 Shampoo + Conditioner Deep Repair(Athena) ,PTN Pro-V 2 in1 Shampoo + Conditioner Hair Fall Control(Athena),0,Rana.d@pg.com,35:51.9,NULL,NULL
2511,PTN Pro-V 2 in1 Shampoo + Conditioner Deep Repair(Athena) ,PTN Pro-V 2 in1 Shampoo + Conditioner Silky Smooth(Athena),0,Rana.d@pg.com,35:51.9,NULL,NULL
2512,PTN PRO-V 2 IN1 SHAMPOO + CONDITIONER HAIR FALL CONTROL ,PTN Pro-V 2 in1 Shampoo + Conditioner Deep Repair(Athena),0,Rana.d@pg.com,35:51.9,NULL,NULL
2513,PTN PRO-V 2 IN1 SHAMPOO + CONDITIONER HAIR FALL CONTROL ,PTN Pro-V 2 in1 Shampoo + Conditioner Hair Fall Control(Athena),0,Rana.d@pg.com,35:51.9,NULL,NULL
2514,PTN PRO-V 2 IN1 SHAMPOO + CONDITIONER HAIR FALL CONTROL ,PTN Pro-V 2 in1 Shampoo + Conditioner Silky Smooth(Athena),0,Rana.d@pg.com,35:51.9,NULL,NULL
2515,PTN Pro-V 2 in1 Shampoo + Conditioner Hair Fall Control(Athena)  ,PTN Pro-V 2 in1 Shampoo + Conditioner Deep Repair(Athena),0,Rana.d@pg.com,35:51.9,NULL,NULL
2516,PTN Pro-V 2 in1 Shampoo + Conditioner Hair Fall Control(Athena)  ,PTN Pro-V 2 in1 Shampoo + Conditioner Hair Fall Control(Athena),0,Rana.d@pg.com,35:51.9,NULL,NULL
2517,PTN Pro-V 2 in1 Shampoo + Conditioner Hair Fall Control(Athena)  ,PTN Pro-V 2 in1 Shampoo + Conditioner Silky Smooth(Athena),0,Rana.d@pg.com,35:51.9,NULL,NULL
2518,PTN PRO-V 2 IN1 SHAMPOO + CONDITIONER SILKY SMOOTH  ,PTN Pro-V 2 in1 Shampoo + Conditioner Deep Repair(Athena),0,Rana.d@pg.com,35:51.9,NULL,NULL
2519,PTN PRO-V 2 IN1 SHAMPOO + CONDITIONER SILKY SMOOTH ,PTN Pro-V 2 in1 Shampoo + Conditioner Hair Fall Control(Athena),0,Rana.d@pg.com,35:51.9,NULL,NULL
2520,PTN PRO-V 2 IN1 SHAMPOO + CONDITIONER SILKY SMOOTH  ,PTN Pro-V 2 in1 Shampoo + Conditioner Silky Smooth(Athena),0,Rana.d@pg.com,35:51.9,NULL,NULL
2521,PTN Pro-V 2 in1 Shampoo + Conditioner Silky Smooth(Athena)   ,PTN Pro-V 2 in1 Shampoo + Conditioner Deep Repair(Athena),0,Rana.d@pg.com,35:51.9,NULL,NULL
2522,PTN Pro-V 2 in1 Shampoo + Conditioner Silky Smooth(Athena) ,PTN Pro-V 2 in1 Shampoo + Conditioner Hair Fall Control(Athena),0,Rana.d@pg.com,35:51.9,NULL,NULL
2523,PTN Pro-V 2 in1 Shampoo + Conditioner Silky Smooth(Athena)   ,PTN Pro-V 2 in1 Shampoo + Conditioner Silky Smooth(Athena),0,Rana.d@pg.com,35:51.9,NULL,NULL
2524,PTN SSC/ DMR (Colossus)  ,PTN Pro-V 2 in1 Shampoo + Conditioner Deep Repair(Athena),0,Rana.d@pg.com,35:51.9,NULL,NULL
2525,PTN SSC/ DMR (Colossus) ,PTN Pro-V 2 in1 Shampoo + Conditioner Hair Fall Control(Athena),0,Rana.d@pg.com,35:51.9,NULL,NULL
2526,PTN SSC/ DMR (Colossus)   ,PTN Pro-V 2 in1 Shampoo + Conditioner Silky Smooth(Athena),0,Rana.d@pg.com,35:51.9,NULL,NULL
2527,PTN TDC (Colossus)  ,PTN Pro-V 2 in1 Shampoo + Conditioner Deep Repair(Athena),0,Rana.d@pg.com,35:51.9,NULL,NULL
2528,PTN TDC (Colossus),PTN Pro-V 2 in1 Shampoo + Conditioner Hair Fall Control(Athena),0,Rana.d@pg.com,35:51.9,NULL,NULL
2529,PTN TDC (Colossus)   ,PTN Pro-V 2 in1 Shampoo + Conditioner Silky Smooth(Athena),0,Rana.d@pg.com,35:51.9,NULL,NULL
2530,PTN Pro-V 2 in1 Shampoo + Conditioner Deep Repair(Athena)  ,H&S 2in1 AD Shampoo + Conditioner Menthol Fresh,0,Rana.d@pg.com,35:51.9,NULL,NULL
2531,PTN Pro-V 2 in1 Shampoo + Conditioner Deep Repair(Athena)  ,H&S 2in1 AD Shampoo + Conditioner Shiny Black,0,Rana.d@pg.com,35:51.9,NULL,NULL
2532,PTN Pro-V 2 in1 Shampoo + Conditioner Deep Repair(Athena)  ,H&S 2in1 AD Shampoo + Conditioner Soft & Silky,0,Rana.d@pg.com,35:51.9,NULL,NULL
2533,PTN Pro-V 2 in1 Shampoo + Conditioner Deep Repair(Athena)  ,H&S 2in1 AD Shiny Black (LCV),0,Rana.d@pg.com,35:51.9,NULL,NULL
2534,PTN Pro-V 2 in1 Shampoo + Conditioner Deep Repair(Athena)  ,H&S AD 2in1 Soft & Silky (LCV),0,Rana.d@pg.com,35:51.9,NULL,NULL
2535,PTN Pro-V 2 in1 Shampoo + Conditioner Deep Repair(Athena)  ,H&S AD AHF (LCV),0,Rana.d@pg.com,35:51.9,NULL,NULL
2536,PTN Pro-V 2 in1 Shampoo + Conditioner Deep Repair(Athena)  ,H&S AD Smooth & Silky (LCV),0,Rana.d@pg.com,35:51.9,NULL,NULL
2537,PTN Pro-V 2 in1 Shampoo + Conditioner Deep Repair(Athena)  ,H&S Anti Dandruff Shampoo Anti hair Fall (for export only),0,Rana.d@pg.com,35:51.9,NULL,NULL
2538,PTN Pro-V 2 in1 Shampoo + Conditioner Deep Repair(Athena)  ,H&S Anti Dandruff Shampoo Cool Menthol (For Export only),0,Rana.d@pg.com,35:51.9,NULL,NULL
2539,PTN Pro-V 2 in1 Shampoo + Conditioner Deep Repair(Athena)  ,H&S Anti- Dandruff Shampoo Neem (Small sachet),0,Rana.d@pg.com,35:51.9,NULL,NULL
2540,PTN Pro-V 2 in1 Shampoo + Conditioner Deep Repair(Athena)  ,H&S Basic Clean (Climbazole),0,Rana.d@pg.com,35:51.9,NULL,NULL
2541,PTN Pro-V 2 in1 Shampoo + Conditioner Deep Repair(Athena)  ,H&S Basic Cool (Climbazole),0,Rana.d@pg.com,35:51.9,NULL,NULL
2542,PTN Pro-V 2 in1 Shampoo + Conditioner Deep Repair(Athena)  ,H&S Basic Cool AD Shampoo (Low Betaine),0,Rana.d@pg.com,35:51.9,NULL,NULL
2543,PTN Pro-V 2 in1 Shampoo + Conditioner Deep Repair(Athena)  ,H&S Basic smooth (Climbazole),0,Rana.d@pg.com,35:51.9,NULL,NULL
2544,PTN Pro-V 2 in1 Shampoo + Conditioner Deep Repair(Athena)  ,H&S Basic Smooth Anti-Dandruff Shampoo (Low Betaine),0,Rana.d@pg.com,35:51.9,NULL,NULL
2545,PTN Pro-V 2 in1 Shampoo + Conditioner Deep Repair(Athena)  ,H&S Daily Clean Anti- Dandruff Shampoo,0,Rana.d@pg.com,35:51.9,NULL,NULL
2546,PTN Pro-V 2 in1 Shampoo + Conditioner Deep Repair(Athena)  ,H&S Daily Cool Anti- Dandruff Shampoo,0,Rana.d@pg.com,35:51.9,NULL,NULL
2547,PTN Pro-V 2 in1 Shampoo + Conditioner Deep Repair(Athena)  ,H&S Daily Smooth Anti- Dandruff Shampoo,0,Rana.d@pg.com,35:51.9,NULL,NULL
2548,PTN Pro-V 2 in1 Shampoo + Conditioner Deep Repair(Athena)  ,H&S Neem,0,Rana.d@pg.com,35:51.9,NULL,NULL
2549,PTN Pro-V 2 in1 Shampoo + Conditioner Deep Repair(Athena)  ,H&S NEEM (Climbazole),0,Rana.d@pg.com,35:51.9,NULL,NULL
2550,PTN Pro-V 2 in1 Shampoo + Conditioner Deep Repair(Athena)  ,H&S Smooth & Silky (Export only),0,Rana.d@pg.com,35:51.9,NULL,NULL
2551,PTN Pro-V 2 in1 Shampoo + Conditioner Deep Repair(Athena)  ,Pantene Pro-V Hair Fall Protect Shampoo,0,Rana.d@pg.com,35:51.9,NULL,NULL
2552,PTN Pro-V 2 in1 Shampoo + Conditioner Deep Repair(Athena)  ,Pantene Pro-V Hair Science Deep Repair shampoo,0,Rana.d@pg.com,35:51.9,NULL,NULL
2553,PTN Pro-V 2 in1 Shampoo + Conditioner Deep Repair(Athena)  ,Pantene Pro-V Hair Science Hair fall Control shampoo,0,Rana.d@pg.com,35:51.9,NULL,NULL
2554,PTN Pro-V 2 in1 Shampoo + Conditioner Deep Repair(Athena)  ,Pantene Pro-V Hair Science Healthy Shine shampoo,0,Rana.d@pg.com,35:51.9,NULL,NULL
2555,PTN Pro-V 2 in1 Shampoo + Conditioner Deep Repair(Athena)  ,Pantene Pro-V Hair Science Luscious Thick shampoo,0,Rana.d@pg.com,35:51.9,NULL,NULL
2556,PTN Pro-V 2 in1 Shampoo + Conditioner Deep Repair(Athena)  ,Pantene Pro-V Hair Science Silky Smooth shampoo,0,Rana.d@pg.com,35:51.9,NULL,NULL
2557,PTN Pro-V 2 in1 Shampoo + Conditioner Deep Repair(Athena)  ,PTN HFC (Colossus),0,Rana.d@pg.com,35:51.9,NULL,NULL
2558,PTN Pro-V 2 in1 Shampoo + Conditioner Deep Repair(Athena)  ,PTN LB (Colossus),0,Rana.d@pg.com,35:51.9,NULL,NULL
2559,PTN Pro-V 2 in1 Shampoo + Conditioner Deep Repair(Athena)  ,PTN NS,0,Rana.d@pg.com,35:51.9,NULL,NULL
2560,PTN Pro-V 2 in1 Shampoo + Conditioner Deep Repair(Athena)  ,PTN NST,0,Rana.d@pg.com,35:51.9,NULL,NULL
2561,PTN Pro-V 2 in1 Shampoo + Conditioner Deep Repair(Athena)  ,PTN PRO-V 2 IN1 SHAMPOO + CONDITIONER DEEP REPAIR,0,Rana.d@pg.com,35:51.9,NULL,NULL
2562,PTN Pro-V 2 in1 Shampoo + Conditioner Deep Repair(Athena)  ,PTN Pro-V 2 in1 Shampoo + Conditioner Deep Repair(Athena) ,0,Rana.d@pg.com,35:51.9,NULL,NULL
2563,PTN Pro-V 2 in1 Shampoo + Conditioner Deep Repair(Athena)  ,PTN PRO-V 2 IN1 SHAMPOO + CONDITIONER HAIR FALL CONTROL,0,Rana.d@pg.com,35:51.9,NULL,NULL
2564,PTN Pro-V 2 in1 Shampoo + Conditioner Deep Repair(Athena)  ,PTN Pro-V 2 in1 Shampoo + Conditioner Hair Fall Control(Athena) ,0,Rana.d@pg.com,35:51.9,NULL,NULL
2565,PTN Pro-V 2 in1 Shampoo + Conditioner Deep Repair(Athena)  ,PTN PRO-V 2 IN1 SHAMPOO + CONDITIONER SILKY SMOOTH,0,Rana.d@pg.com,35:51.9,NULL,NULL
2566,PTN Pro-V 2 in1 Shampoo + Conditioner Deep Repair(Athena)  ,PTN Pro-V 2 in1 Shampoo + Conditioner Silky Smooth(Athena) ,0,Rana.d@pg.com,35:51.9,NULL,NULL
2567,PTN Pro-V 2 in1 Shampoo + Conditioner Deep Repair(Athena)  ,PTN SSC/ DMR (Colossus),0,Rana.d@pg.com,35:51.9,NULL,NULL
2568,PTN Pro-V 2 in1 Shampoo + Conditioner Deep Repair(Athena)  ,PTN TDC (Colossus),0,Rana.d@pg.com,35:51.9,NULL,NULL
2569,PTN Pro-V 2 in1 Shampoo + Conditioner Hair Fall Control(Athena)   ,H&S 2in1 AD Shampoo + Conditioner Menthol Fresh,0,Rana.d@pg.com,35:51.9,NULL,NULL
2570,PTN Pro-V 2 in1 Shampoo + Conditioner Hair Fall Control(Athena)   ,H&S 2in1 AD Shampoo + Conditioner Shiny Black,0,Rana.d@pg.com,35:51.9,NULL,NULL
2571,PTN Pro-V 2 in1 Shampoo + Conditioner Hair Fall Control(Athena)   ,H&S 2in1 AD Shampoo + Conditioner Soft & Silky,0,Rana.d@pg.com,35:51.9,NULL,NULL
2572,PTN Pro-V 2 in1 Shampoo + Conditioner Hair Fall Control(Athena)   ,H&S 2in1 AD Shiny Black (LCV),0,Rana.d@pg.com,35:51.9,NULL,NULL
2573,PTN Pro-V 2 in1 Shampoo + Conditioner Hair Fall Control(Athena)  ,H&S AD 2in1 Soft & Silky (LCV),0,Rana.d@pg.com,35:51.9,NULL,NULL
2574,PTN Pro-V 2 in1 Shampoo + Conditioner Hair Fall Control(Athena)   ,H&S AD AHF (LCV),0,Rana.d@pg.com,35:51.9,NULL,NULL
2575,PTN Pro-V 2 in1 Shampoo + Conditioner Hair Fall Control(Athena)   ,H&S AD Smooth & Silky (LCV),0,Rana.d@pg.com,35:51.9,NULL,NULL
2576,PTN Pro-V 2 in1 Shampoo + Conditioner Hair Fall Control(Athena)   ,H&S Anti Dandruff Shampoo Anti hair Fall (for export only),0,Rana.d@pg.com,35:51.9,NULL,NULL
2577,PTN Pro-V 2 in1 Shampoo + Conditioner Hair Fall Control(Athena)  ,H&S Anti Dandruff Shampoo Cool Menthol (For Export only),0,Rana.d@pg.com,35:51.9,NULL,NULL
2578,PTN Pro-V 2 in1 Shampoo + Conditioner Hair Fall Control(Athena)  ,H&S Anti- Dandruff Shampoo Neem (Small sachet),0,Rana.d@pg.com,35:51.9,NULL,NULL
2579,PTN Pro-V 2 in1 Shampoo + Conditioner Hair Fall Control(Athena)   ,H&S Basic Clean (Climbazole),0,Rana.d@pg.com,35:51.9,NULL,NULL
2580,PTN Pro-V 2 in1 Shampoo + Conditioner Hair Fall Control(Athena)   ,H&S Basic Cool (Climbazole),0,Rana.d@pg.com,35:51.9,NULL,NULL
2581,PTN Pro-V 2 in1 Shampoo + Conditioner Hair Fall Control(Athena)   ,H&S Basic Cool AD Shampoo (Low Betaine),0,Rana.d@pg.com,35:51.9,NULL,NULL
2582,PTN Pro-V 2 in1 Shampoo + Conditioner Hair Fall Control(Athena)   ,H&S Basic smooth (Climbazole),0,Rana.d@pg.com,35:51.9,NULL,NULL
2583,PTN Pro-V 2 in1 Shampoo + Conditioner Hair Fall Control(Athena)   ,H&S Basic Smooth Anti-Dandruff Shampoo (Low Betaine),0,Rana.d@pg.com,35:51.9,NULL,NULL
2584,PTN Pro-V 2 in1 Shampoo + Conditioner Hair Fall Control(Athena)  ,H&S Daily Clean Anti- Dandruff Shampoo,0,Rana.d@pg.com,35:51.9,NULL,NULL
2585,PTN Pro-V 2 in1 Shampoo + Conditioner Hair Fall Control(Athena)   ,H&S Daily Cool Anti- Dandruff Shampoo,0,Rana.d@pg.com,35:51.9,NULL,NULL
2586,PTN Pro-V 2 in1 Shampoo + Conditioner Hair Fall Control(Athena)   ,H&S Daily Smooth Anti- Dandruff Shampoo,0,Rana.d@pg.com,35:51.9,NULL,NULL
2587,PTN Pro-V 2 in1 Shampoo + Conditioner Hair Fall Control(Athena)   ,H&S Neem,0,Rana.d@pg.com,35:51.9,NULL,NULL
2588,PTN Pro-V 2 in1 Shampoo + Conditioner Hair Fall Control(Athena)   ,H&S NEEM (Climbazole),0,Rana.d@pg.com,35:51.9,NULL,NULL
2589,PTN Pro-V 2 in1 Shampoo + Conditioner Hair Fall Control(Athena)   ,H&S Smooth & Silky (Export only),0,Rana.d@pg.com,35:51.9,NULL,NULL
2590,PTN Pro-V 2 in1 Shampoo + Conditioner Hair Fall Control(Athena)  ,Pantene Pro-V Hair Fall Protect Shampoo,0,Rana.d@pg.com,35:51.9,NULL,NULL
2591,PTN Pro-V 2 in1 Shampoo + Conditioner Hair Fall Control(Athena)  ,Pantene Pro-V Hair Science Deep Repair shampoo,0,Rana.d@pg.com,35:51.9,NULL,NULL
2592,PTN Pro-V 2 in1 Shampoo + Conditioner Hair Fall Control(Athena)  ,Pantene Pro-V Hair Science Hair fall Control shampoo,0,Rana.d@pg.com,35:51.9,NULL,NULL
2593,PTN Pro-V 2 in1 Shampoo + Conditioner Hair Fall Control(Athena)   ,Pantene Pro-V Hair Science Healthy Shine shampoo,0,Rana.d@pg.com,35:51.9,NULL,NULL
2594,PTN Pro-V 2 in1 Shampoo + Conditioner Hair Fall Control(Athena)   ,Pantene Pro-V Hair Science Luscious Thick shampoo,0,Rana.d@pg.com,35:51.9,NULL,NULL
2595,PTN Pro-V 2 in1 Shampoo + Conditioner Hair Fall Control(Athena)   ,Pantene Pro-V Hair Science Silky Smooth shampoo,0,Rana.d@pg.com,35:51.9,NULL,NULL
2596,PTN Pro-V 2 in1 Shampoo + Conditioner Hair Fall Control(Athena)  ,PTN HFC (Colossus),0,Rana.d@pg.com,35:51.9,NULL,NULL
2597,PTN Pro-V 2 in1 Shampoo + Conditioner Hair Fall Control(Athena)  ,PTN LB (Colossus),0,Rana.d@pg.com,35:51.9,NULL,NULL
2598,PTN Pro-V 2 in1 Shampoo + Conditioner Hair Fall Control(Athena)   ,PTN NS,0,Rana.d@pg.com,35:51.9,NULL,NULL
2599,PTN Pro-V 2 in1 Shampoo + Conditioner Hair Fall Control(Athena)   ,PTN NST,0,Rana.d@pg.com,35:51.9,NULL,NULL
2600,PTN Pro-V 2 in1 Shampoo + Conditioner Hair Fall Control(Athena)   ,PTN PRO-V 2 IN1 SHAMPOO + CONDITIONER DEEP REPAIR,0,Rana.d@pg.com,35:51.9,NULL,NULL
2601,PTN Pro-V 2 in1 Shampoo + Conditioner Hair Fall Control(Athena)  ,PTN Pro-V 2 in1 Shampoo + Conditioner Deep Repair(Athena) ,0,Rana.d@pg.com,35:51.9,NULL,NULL
2602,PTN Pro-V 2 in1 Shampoo + Conditioner Hair Fall Control(Athena)  ,PTN PRO-V 2 IN1 SHAMPOO + CONDITIONER HAIR FALL CONTROL,0,Rana.d@pg.com,35:51.9,NULL,NULL
2603,PTN Pro-V 2 in1 Shampoo + Conditioner Hair Fall Control(Athena)  ,PTN Pro-V 2 in1 Shampoo + Conditioner Hair Fall Control(Athena) ,0,Rana.d@pg.com,35:51.9,NULL,NULL
2604,PTN Pro-V 2 in1 Shampoo + Conditioner Hair Fall Control(Athena)  ,PTN PRO-V 2 IN1 SHAMPOO + CONDITIONER SILKY SMOOTH,0,Rana.d@pg.com,35:51.9,NULL,NULL
2605,PTN Pro-V 2 in1 Shampoo + Conditioner Hair Fall Control(Athena)   ,PTN Pro-V 2 in1 Shampoo + Conditioner Silky Smooth(Athena) ,0,Rana.d@pg.com,35:51.9,NULL,NULL
2606,PTN Pro-V 2 in1 Shampoo + Conditioner Hair Fall Control(Athena)  ,PTN SSC/ DMR (Colossus),0,Rana.d@pg.com,35:51.9,NULL,NULL
2607,PTN Pro-V 2 in1 Shampoo + Conditioner Hair Fall Control(Athena)  ,PTN TDC (Colossus),0,Rana.d@pg.com,35:51.9,NULL,NULL
2608,PTN Pro-V 2 in1 Shampoo + Conditioner Silky Smooth(Athena)    ,H&S 2in1 AD Shampoo + Conditioner Menthol Fresh,0,Rana.d@pg.com,35:51.9,NULL,NULL
2609,PTN Pro-V 2 in1 Shampoo + Conditioner Silky Smooth(Athena)    ,H&S 2in1 AD Shampoo + Conditioner Shiny Black,0,Rana.d@pg.com,35:51.9,NULL,NULL
2610,PTN Pro-V 2 in1 Shampoo + Conditioner Silky Smooth(Athena)    ,H&S 2in1 AD Shampoo + Conditioner Soft & Silky,0,Rana.d@pg.com,35:51.9,NULL,NULL
2611,PTN Pro-V 2 in1 Shampoo + Conditioner Silky Smooth(Athena)    ,H&S 2in1 AD Shiny Black (LCV),0,Rana.d@pg.com,35:51.9,NULL,NULL
2612,PTN Pro-V 2 in1 Shampoo + Conditioner Silky Smooth(Athena)   ,H&S AD 2in1 Soft & Silky (LCV),0,Rana.d@pg.com,35:51.9,NULL,NULL
2613,PTN Pro-V 2 in1 Shampoo + Conditioner Silky Smooth(Athena)    ,H&S AD AHF (LCV),0,Rana.d@pg.com,35:51.9,NULL,NULL
2614,PTN Pro-V 2 in1 Shampoo + Conditioner Silky Smooth(Athena)    ,H&S AD Smooth & Silky (LCV),0,Rana.d@pg.com,35:51.9,NULL,NULL
2615,PTN Pro-V 2 in1 Shampoo + Conditioner Silky Smooth(Athena)   ,H&S Anti Dandruff Shampoo Anti hair Fall (for export only),0,Rana.d@pg.com,35:51.9,NULL,NULL
2616,PTN Pro-V 2 in1 Shampoo + Conditioner Silky Smooth(Athena)  ,H&S Anti Dandruff Shampoo Cool Menthol (For Export only),0,Rana.d@pg.com,35:51.9,NULL,NULL
2617,PTN Pro-V 2 in1 Shampoo + Conditioner Silky Smooth(Athena)   ,H&S Anti- Dandruff Shampoo Neem (Small sachet),0,Rana.d@pg.com,35:51.9,NULL,NULL
2618,PTN Pro-V 2 in1 Shampoo + Conditioner Silky Smooth(Athena)    ,H&S Basic Clean (Climbazole),0,Rana.d@pg.com,35:51.9,NULL,NULL
2619,PTN Pro-V 2 in1 Shampoo + Conditioner Silky Smooth(Athena)    ,H&S Basic Cool (Climbazole),0,Rana.d@pg.com,35:51.9,NULL,NULL
2620,PTN Pro-V 2 in1 Shampoo + Conditioner Silky Smooth(Athena)    ,H&S Basic Cool AD Shampoo (Low Betaine),0,Rana.d@pg.com,35:51.9,NULL,NULL
2621,PTN Pro-V 2 in1 Shampoo + Conditioner Silky Smooth(Athena)    ,H&S Basic smooth (Climbazole),0,Rana.d@pg.com,35:51.9,NULL,NULL
2622,PTN Pro-V 2 in1 Shampoo + Conditioner Silky Smooth(Athena)    ,H&S Basic Smooth Anti-Dandruff Shampoo (Low Betaine),0,Rana.d@pg.com,35:51.9,NULL,NULL
2623,PTN Pro-V 2 in1 Shampoo + Conditioner Silky Smooth(Athena)   ,H&S Daily Clean Anti- Dandruff Shampoo,0,Rana.d@pg.com,35:51.9,NULL,NULL
2624,PTN Pro-V 2 in1 Shampoo + Conditioner Silky Smooth(Athena)   ,H&S Daily Cool Anti- Dandruff Shampoo,0,Rana.d@pg.com,35:51.9,NULL,NULL
2625,PTN Pro-V 2 in1 Shampoo + Conditioner Silky Smooth(Athena)    ,H&S Daily Smooth Anti- Dandruff Shampoo,0,Rana.d@pg.com,35:51.9,NULL,NULL
2626,PTN Pro-V 2 in1 Shampoo + Conditioner Silky Smooth(Athena)    ,H&S Neem,0,Rana.d@pg.com,35:51.9,NULL,NULL
2627,PTN Pro-V 2 in1 Shampoo + Conditioner Silky Smooth(Athena)    ,H&S NEEM (Climbazole),0,Rana.d@pg.com,35:51.9,NULL,NULL
2628,PTN Pro-V 2 in1 Shampoo + Conditioner Silky Smooth(Athena)    ,H&S Smooth & Silky (Export only),0,Rana.d@pg.com,35:51.9,NULL,NULL
2629,PTN Pro-V 2 in1 Shampoo + Conditioner Silky Smooth(Athena)   ,Pantene Pro-V Hair Fall Protect Shampoo,0,Rana.d@pg.com,35:51.9,NULL,NULL
2630,PTN Pro-V 2 in1 Shampoo + Conditioner Silky Smooth(Athena)  ,Pantene Pro-V Hair Science Deep Repair shampoo,0,Rana.d@pg.com,35:51.9,NULL,NULL
2631,PTN Pro-V 2 in1 Shampoo + Conditioner Silky Smooth(Athena)   ,Pantene Pro-V Hair Science Hair fall Control shampoo,0,Rana.d@pg.com,35:51.9,NULL,NULL
2632,PTN Pro-V 2 in1 Shampoo + Conditioner Silky Smooth(Athena)    ,Pantene Pro-V Hair Science Healthy Shine shampoo,0,Rana.d@pg.com,35:51.9,NULL,NULL
2633,PTN Pro-V 2 in1 Shampoo + Conditioner Silky Smooth(Athena)    ,Pantene Pro-V Hair Science Luscious Thick shampoo,0,Rana.d@pg.com,35:51.9,NULL,NULL
2634,PTN Pro-V 2 in1 Shampoo + Conditioner Silky Smooth(Athena)    ,Pantene Pro-V Hair Science Silky Smooth shampoo,0,Rana.d@pg.com,35:51.9,NULL,NULL
2635,PTN Pro-V 2 in1 Shampoo + Conditioner Silky Smooth(Athena)  ,PTN HFC (Colossus),0,Rana.d@pg.com,35:51.9,NULL,NULL
2636,PTN Pro-V 2 in1 Shampoo + Conditioner Silky Smooth(Athena)   ,PTN LB (Colossus),0,Rana.d@pg.com,35:51.9,NULL,NULL
2637,PTN Pro-V 2 in1 Shampoo + Conditioner Silky Smooth(Athena)  ,PTN NS,0,Rana.d@pg.com,35:51.9,NULL,NULL
2638,PTN Pro-V 2 in1 Shampoo + Conditioner Silky Smooth(Athena)    ,PTN NST,0,Rana.d@pg.com,35:51.9,NULL,NULL
2639,PTN Pro-V 2 in1 Shampoo + Conditioner Silky Smooth(Athena)    ,PTN PRO-V 2 IN1 SHAMPOO + CONDITIONER DEEP REPAIR,0,Rana.d@pg.com,35:51.9,NULL,NULL
2640,PTN Pro-V 2 in1 Shampoo + Conditioner Silky Smooth(Athena)   ,PTN Pro-V 2 in1 Shampoo + Conditioner Deep Repair(Athena) ,0,Rana.d@pg.com,35:51.9,NULL,NULL
2641,PTN Pro-V 2 in1 Shampoo + Conditioner Silky Smooth(Athena)   ,PTN PRO-V 2 IN1 SHAMPOO + CONDITIONER HAIR FALL CONTROL,0,Rana.d@pg.com,35:51.9,NULL,NULL
2642,PTN Pro-V 2 in1 Shampoo + Conditioner Silky Smooth(Athena)   ,PTN Pro-V 2 in1 Shampoo + Conditioner Hair Fall Control(Athena) ,0,Rana.d@pg.com,35:51.9,NULL,NULL
2643,PTN Pro-V 2 in1 Shampoo + Conditioner Silky Smooth(Athena)   ,PTN PRO-V 2 IN1 SHAMPOO + CONDITIONER SILKY SMOOTH,0,Rana.d@pg.com,35:51.9,NULL,NULL
2644,PTN Pro-V 2 in1 Shampoo + Conditioner Silky Smooth(Athena)    ,PTN Pro-V 2 in1 Shampoo + Conditioner Silky Smooth(Athena) ,0,Rana.d@pg.com,35:51.9,NULL,NULL
2645,PTN Pro-V 2 in1 Shampoo + Conditioner Silky Smooth(Athena)   ,PTN SSC/ DMR (Colossus),0,Rana.d@pg.com,35:51.9,NULL,NULL
2646,PTN Pro-V 2 in1 Shampoo + Conditioner Silky Smooth(Athena)   ,PTN TDC (Colossus),0,Rana.d@pg.com,35:51.9,NULL,NULL
2647,PTN Pro-V 2 in1 Shampoo + Conditioner Silky Smooth(Athena)   ,HC Base,1,Rana.d,35:51.9,NULL,NULL
2648,PTN Pro-V 2 in1 Shampoo + Conditioner Hair Fall Control(Athena)    ,HC Base,1,Rana.d,35:51.9,NULL,NULL
2649,PTN Pro-V 2 in1 Shampoo + Conditioner Deep Repair(Athena)     ,HC Base,1,Rana.d,35:51.9,NULL,NULL
2650,Pantene Pro-V 2in1 shampoo + Conditioner Deep Repair New,H&S 2in1 AD Shampoo + Conditioner Menthol Fresh,0,Rana.d@pg.com,39:00.0,Rana.d@pg.com,39:00.0
2651,Pantene Pro-V 2in1 shampoo + Conditioner Deep Repair New,H&S 2in1 AD Shiny Black (LCV),0,Rana.d@pg.com,39:00.0,Rana.d@pg.com,39:00.0
2652,Pantene Pro-V 2in1 shampoo + Conditioner Deep Repair New,H&S AD 2in1 Soft & Silky (LCV),0,Rana.d@pg.com,39:00.0,Rana.d@pg.com,39:00.0
2653,Pantene Pro-V 2in1 shampoo + Conditioner Deep Repair New,H&S Anti Dandruff Shampoo Cool Menthol (For Export only),0,Rana.d@pg.com,39:00.0,Rana.d@pg.com,39:00.0
2654,Pantene Pro-V 2in1 shampoo + Conditioner Deep Repair New,H&S AD AHF (LCV),0,Rana.d@pg.com,39:00.0,Rana.d@pg.com,39:00.0
2655,Pantene Pro-V 2in1 shampoo + Conditioner Deep Repair New,Pantene Pro-V Hair Science Luscious Thick shampoo,0,Rana.d@pg.com,39:00.0,Rana.d@pg.com,39:00.0
2656,Pantene Pro-V 2in1 shampoo + Conditioner Deep Repair New,Pantene Pro-V Hair Science Luscious Thick shampoo New,0,Rana.d@pg.com,39:00.0,Rana.d@pg.com,39:00.0
2657,Pantene Pro-V 2in1 shampoo + Conditioner Deep Repair New,Pantene Pro-V Hair Science Deep Repair shampoo,0,Rana.d@pg.com,39:00.0,Rana.d@pg.com,39:00.0
2658,Pantene Pro-V 2in1 shampoo + Conditioner Deep Repair New,Pantene Pro-V Hair Science Hair fall Control shampoo,0,Rana.d@pg.com,39:00.0,Rana.d@pg.com,39:00.0
2659,Pantene Pro-V 2in1 shampoo + Conditioner Deep Repair New,PTN Pro-V Hair Science Deep Repair Shampoo New,0,Rana.d@pg.com,39:00.0,Rana.d@pg.com,39:00.0
2660,Pantene Pro-V 2in1 shampoo + Conditioner Deep Repair New,PTN Pro-V Hair Science Hair Fall Control Shampoo New,0,Rana.d@pg.com,39:00.0,Rana.d@pg.com,39:00.0
2661,Pantene Pro-V 2in1 shampoo + Conditioner Deep Repair New,Pantene Pro-V Hair Science Healthy Shine shampoo,0,Rana.d@pg.com,39:00.0,Rana.d@pg.com,39:00.0
2662,Pantene Pro-V 2in1 shampoo + Conditioner Deep Repair New,Pantene Pro-V Hair Science Silky Smooth shampoo,0,Rana.d@pg.com,39:00.0,Rana.d@pg.com,39:00.0
2663,Pantene Pro-V 2in1 shampoo + Conditioner Deep Repair New,Pantene Pro-V Hair Science Healthy Shine Shampoo New,0,Rana.d@pg.com,39:00.0,Rana.d@pg.com,39:00.0
2664,Pantene Pro-V 2in1 shampoo + Conditioner Deep Repair New,Pantene Pro-V Hair Science Silky Smooth Shampoo New,0,Rana.d@pg.com,39:00.0,Rana.d@pg.com,39:00.0
2665,Pantene Pro-V 2in1 shampoo + Conditioner Deep Repair New,PTN Pro-V 2 in1 Shampoo + Conditioner Silky Smooth(Athena),0,Rana.d@pg.com,39:00.0,Rana.d@pg.com,39:00.0
2666,Pantene Pro-V 2in1 shampoo + Conditioner Deep Repair New,Pantene Pro-V 2in1 shampoo + Conditioner Silky Smooth New,0,Rana.d@pg.com,39:00.0,Rana.d@pg.com,39:00.0
2667,Pantene Pro-V 2in1 shampoo + Conditioner Deep Repair New,PTN Pro-V 2 in1 Shampoo + Conditioner Deep Repair(Athena),0,Rana.d@pg.com,39:00.0,Rana.d@pg.com,39:00.0
2668,Pantene Pro-V 2in1 shampoo + Conditioner Deep Repair New,PTN Pro-V 2 in1 Shampoo + Conditioner Hair Fall Control(Athena),0,Rana.d@pg.com,39:00.0,Rana.d@pg.com,39:00.0
2669,Pantene Pro-V 2in1 shampoo + Conditioner Deep Repair New,Pantene Pro-V 2in1 shampoo + Conditioner Deep Repair New,0,Rana.d@pg.com,39:00.0,Rana.d@pg.com,39:00.0
2670,Pantene Pro-V 2in1 shampoo + Conditioner Deep Repair New,Pantene Pro-V 2in1 shampoo + Conditioner Hair Fall Control New,0,Rana.d@pg.com,39:00.0,Rana.d@pg.com,39:00.0
2671,Pantene Pro-V 2in1 shampoo + Conditioner Deep Repair New,HC Base,1,Rana.d@pg.com,39:00.0,Rana.d@pg.com,39:00.0
2672,H&S 2in1 AD Shampoo + Conditioner Menthol Fresh,Pantene Pro-V 2in1 shampoo + Conditioner Deep Repair New,0,Rana.d@pg.com,39:00.0,Rana.d@pg.com,39:00.0
2673,H&S 2in1 AD Shiny Black (LCV),Pantene Pro-V 2in1 shampoo + Conditioner Deep Repair New,0,Rana.d@pg.com,39:00.0,Rana.d@pg.com,39:00.0
2674,H&S AD 2in1 Soft & Silky (LCV),Pantene Pro-V 2in1 shampoo + Conditioner Deep Repair New,0,Rana.d@pg.com,39:00.0,Rana.d@pg.com,39:00.0
2675,H&S Anti Dandruff Shampoo Cool Menthol (For Export only),Pantene Pro-V 2in1 shampoo + Conditioner Deep Repair New,0,Rana.d@pg.com,39:00.0,Rana.d@pg.com,39:00.0
2676,H&S AD AHF (LCV),Pantene Pro-V 2in1 shampoo + Conditioner Deep Repair New,0,Rana.d@pg.com,39:00.0,Rana.d@pg.com,39:00.0
2677,Pantene Pro-V Hair Science Luscious Thick shampoo,Pantene Pro-V 2in1 shampoo + Conditioner Deep Repair New,0,Rana.d@pg.com,39:00.0,Rana.d@pg.com,39:00.0
2678,Pantene Pro-V Hair Science Luscious Thick shampoo New,Pantene Pro-V 2in1 shampoo + Conditioner Deep Repair New,0,Rana.d@pg.com,39:00.0,Rana.d@pg.com,39:00.0
2679,Pantene Pro-V Hair Science Deep Repair shampoo,Pantene Pro-V 2in1 shampoo + Conditioner Deep Repair New,0,Rana.d@pg.com,39:00.0,Rana.d@pg.com,39:00.0
2680,Pantene Pro-V Hair Science Hair fall Control shampoo,Pantene Pro-V 2in1 shampoo + Conditioner Deep Repair New,0,Rana.d@pg.com,39:00.0,Rana.d@pg.com,39:00.0
2681,PTN Pro-V Hair Science Deep Repair Shampoo New,Pantene Pro-V 2in1 shampoo + Conditioner Deep Repair New,0,Rana.d@pg.com,39:00.0,Rana.d@pg.com,39:00.0
2682,PTN Pro-V Hair Science Hair Fall Control Shampoo New,Pantene Pro-V 2in1 shampoo + Conditioner Deep Repair New,0,Rana.d@pg.com,39:00.0,Rana.d@pg.com,39:00.0
2683,Pantene Pro-V Hair Science Healthy Shine shampoo,Pantene Pro-V 2in1 shampoo + Conditioner Deep Repair New,0,Rana.d@pg.com,39:00.0,Rana.d@pg.com,39:00.0
2684,Pantene Pro-V Hair Science Silky Smooth shampoo,Pantene Pro-V 2in1 shampoo + Conditioner Deep Repair New,0,Rana.d@pg.com,39:00.0,Rana.d@pg.com,39:00.0
2685,Pantene Pro-V Hair Science Healthy Shine Shampoo New,Pantene Pro-V 2in1 shampoo + Conditioner Deep Repair New,0,Rana.d@pg.com,39:00.0,Rana.d@pg.com,39:00.0
2686,Pantene Pro-V Hair Science Silky Smooth Shampoo New,Pantene Pro-V 2in1 shampoo + Conditioner Deep Repair New,0,Rana.d@pg.com,39:00.0,Rana.d@pg.com,39:00.0
2687,PTN Pro-V 2 in1 Shampoo + Conditioner Silky Smooth(Athena),Pantene Pro-V 2in1 shampoo + Conditioner Deep Repair New,0,Rana.d@pg.com,39:00.0,Rana.d@pg.com,39:00.0
2688,Pantene Pro-V 2in1 shampoo + Conditioner Silky Smooth New,Pantene Pro-V 2in1 shampoo + Conditioner Deep Repair New,0,Rana.d@pg.com,39:00.0,Rana.d@pg.com,39:00.0
2689,PTN Pro-V 2 in1 Shampoo + Conditioner Deep Repair(Athena),Pantene Pro-V 2in1 shampoo + Conditioner Deep Repair New,0,Rana.d@pg.com,39:00.0,Rana.d@pg.com,39:00.0
2690,PTN Pro-V 2 in1 Shampoo + Conditioner Hair Fall Control(Athena),Pantene Pro-V 2in1 shampoo + Conditioner Deep Repair New,0,Rana.d@pg.com,39:00.0,Rana.d@pg.com,39:00.0
2691,Pantene Pro-V 2in1 shampoo + Conditioner Deep Repair New,Pantene Pro-V 2in1 shampoo + Conditioner Deep Repair New,0,Rana.d@pg.com,39:00.0,Rana.d@pg.com,39:00.0
2692,Pantene Pro-V 2in1 shampoo + Conditioner Hair Fall Control New,Pantene Pro-V 2in1 shampoo + Conditioner Deep Repair New,0,Rana.d@pg.com,39:00.0,Rana.d@pg.com,39:00.0
2693,HC Base,Pantene Pro-V 2in1 shampoo + Conditioner Deep Repair New,1,Rana.d@pg.com,39:00.0,Rana.d@pg.com,39:00.0
2694,H&S 2in1 AD Shampoo + Conditioner Menthol Fresh,Pantene Pro-V 2in1 shampoo + Conditioner Hair Fall Control New,0,Rana.d@pg.com,39:00.0,Rana.d@pg.com,39:00.0
2695,H&S 2in1 AD Shiny Black (LCV),Pantene Pro-V 2in1 shampoo + Conditioner Hair Fall Control New,0,Rana.d@pg.com,39:00.0,Rana.d@pg.com,39:00.0
2696,H&S AD 2in1 Soft & Silky (LCV),Pantene Pro-V 2in1 shampoo + Conditioner Hair Fall Control New,0,Rana.d@pg.com,39:00.0,Rana.d@pg.com,39:00.0
2697,H&S Anti Dandruff Shampoo Cool Menthol (For Export only),Pantene Pro-V 2in1 shampoo + Conditioner Hair Fall Control New,0,Rana.d@pg.com,39:00.0,Rana.d@pg.com,39:00.0
2698,H&S AD AHF (LCV),Pantene Pro-V 2in1 shampoo + Conditioner Hair Fall Control New,0,Rana.d@pg.com,39:00.0,Rana.d@pg.com,39:00.0
2699,Pantene Pro-V Hair Science Luscious Thick shampoo,Pantene Pro-V 2in1 shampoo + Conditioner Hair Fall Control New,0,Rana.d@pg.com,39:00.0,Rana.d@pg.com,39:00.0
2700,Pantene Pro-V Hair Science Luscious Thick shampoo New,Pantene Pro-V 2in1 shampoo + Conditioner Hair Fall Control New,0,Rana.d@pg.com,39:00.0,Rana.d@pg.com,39:00.0
2701,Pantene Pro-V Hair Science Deep Repair shampoo,Pantene Pro-V 2in1 shampoo + Conditioner Hair Fall Control New,0,Rana.d@pg.com,39:00.0,Rana.d@pg.com,39:00.0
2702,Pantene Pro-V Hair Science Hair fall Control shampoo,Pantene Pro-V 2in1 shampoo + Conditioner Hair Fall Control New,0,Rana.d@pg.com,39:00.0,Rana.d@pg.com,39:00.0
2703,PTN Pro-V Hair Science Deep Repair Shampoo New,Pantene Pro-V 2in1 shampoo + Conditioner Hair Fall Control New,0,Rana.d@pg.com,39:00.0,Rana.d@pg.com,39:00.0
2704,PTN Pro-V Hair Science Hair Fall Control Shampoo New,Pantene Pro-V 2in1 shampoo + Conditioner Hair Fall Control New,0,Rana.d@pg.com,39:00.0,Rana.d@pg.com,39:00.0
2705,Pantene Pro-V Hair Science Healthy Shine shampoo,Pantene Pro-V 2in1 shampoo + Conditioner Hair Fall Control New,0,Rana.d@pg.com,39:00.0,Rana.d@pg.com,39:00.0
2706,Pantene Pro-V Hair Science Silky Smooth shampoo,Pantene Pro-V 2in1 shampoo + Conditioner Hair Fall Control New,0,Rana.d@pg.com,39:00.0,Rana.d@pg.com,39:00.0
2707,Pantene Pro-V Hair Science Healthy Shine Shampoo New,Pantene Pro-V 2in1 shampoo + Conditioner Hair Fall Control New,0,Rana.d@pg.com,39:00.0,Rana.d@pg.com,39:00.0
2708,Pantene Pro-V Hair Science Silky Smooth Shampoo New,Pantene Pro-V 2in1 shampoo + Conditioner Hair Fall Control New,0,Rana.d@pg.com,39:00.0,Rana.d@pg.com,39:00.0
2709,PTN Pro-V 2 in1 Shampoo + Conditioner Silky Smooth(Athena),Pantene Pro-V 2in1 shampoo + Conditioner Hair Fall Control New,0,Rana.d@pg.com,39:00.0,Rana.d@pg.com,39:00.0
2710,Pantene Pro-V 2in1 shampoo + Conditioner Silky Smooth New,Pantene Pro-V 2in1 shampoo + Conditioner Hair Fall Control New,0,Rana.d@pg.com,39:00.0,Rana.d@pg.com,39:00.0
2711,PTN Pro-V 2 in1 Shampoo + Conditioner Deep Repair(Athena),Pantene Pro-V 2in1 shampoo + Conditioner Hair Fall Control New,0,Rana.d@pg.com,39:00.0,Rana.d@pg.com,39:00.0
2712,PTN Pro-V 2 in1 Shampoo + Conditioner Hair Fall Control(Athena),Pantene Pro-V 2in1 shampoo + Conditioner Hair Fall Control New,0,Rana.d@pg.com,39:00.0,Rana.d@pg.com,39:00.0
2713,Pantene Pro-V 2in1 shampoo + Conditioner Deep Repair New,Pantene Pro-V 2in1 shampoo + Conditioner Hair Fall Control New,0,Rana.d@pg.com,39:00.0,Rana.d@pg.com,39:00.0
2714,Pantene Pro-V 2in1 shampoo + Conditioner Hair Fall Control New,Pantene Pro-V 2in1 shampoo + Conditioner Hair Fall Control New,0,Rana.d@pg.com,39:00.0,Rana.d@pg.com,39:00.0
2715,HC Base,Pantene Pro-V 2in1 shampoo + Conditioner Hair Fall Control New,1,Rana.d@pg.com,39:00.0,Rana.d@pg.com,39:00.0
2716,Pantene Pro-V 2in1 shampoo + Conditioner Hair Fall Control New,H&S 2in1 AD Shampoo + Conditioner Menthol Fresh,0,Rana.d@pg.com,39:00.0,Rana.d@pg.com,39:00.0
2717,Pantene Pro-V 2in1 shampoo + Conditioner Hair Fall Control New,H&S 2in1 AD Shiny Black (LCV),0,Rana.d@pg.com,39:00.0,Rana.d@pg.com,39:00.0
2718,Pantene Pro-V 2in1 shampoo + Conditioner Hair Fall Control New,H&S AD 2in1 Soft & Silky (LCV),0,Rana.d@pg.com,39:00.0,Rana.d@pg.com,39:00.0
2719,Pantene Pro-V 2in1 shampoo + Conditioner Hair Fall Control New,H&S Anti Dandruff Shampoo Cool Menthol (For Export only),0,Rana.d@pg.com,39:00.0,Rana.d@pg.com,39:00.0
2720,Pantene Pro-V 2in1 shampoo + Conditioner Hair Fall Control New,H&S AD AHF (LCV),0,Rana.d@pg.com,39:00.0,Rana.d@pg.com,39:00.0
2721,Pantene Pro-V 2in1 shampoo + Conditioner Hair Fall Control New,Pantene Pro-V Hair Science Luscious Thick shampoo,0,Rana.d@pg.com,39:00.0,Rana.d@pg.com,39:00.0
2722,Pantene Pro-V 2in1 shampoo + Conditioner Hair Fall Control New,Pantene Pro-V Hair Science Luscious Thick shampoo New,0,Rana.d@pg.com,39:00.0,Rana.d@pg.com,39:00.0
2723,Pantene Pro-V 2in1 shampoo + Conditioner Hair Fall Control New,Pantene Pro-V Hair Science Deep Repair shampoo,0,Rana.d@pg.com,39:00.0,Rana.d@pg.com,39:00.0
2724,Pantene Pro-V 2in1 shampoo + Conditioner Hair Fall Control New,Pantene Pro-V Hair Science Hair fall Control shampoo,0,Rana.d@pg.com,39:00.0,Rana.d@pg.com,39:00.0
2725,Pantene Pro-V 2in1 shampoo + Conditioner Hair Fall Control New,PTN Pro-V Hair Science Deep Repair Shampoo New,0,Rana.d@pg.com,39:00.0,Rana.d@pg.com,39:00.0
2726,Pantene Pro-V 2in1 shampoo + Conditioner Hair Fall Control New,PTN Pro-V Hair Science Hair Fall Control Shampoo New,0,Rana.d@pg.com,39:00.0,Rana.d@pg.com,39:00.0
2727,Pantene Pro-V 2in1 shampoo + Conditioner Hair Fall Control New,Pantene Pro-V Hair Science Healthy Shine shampoo,0,Rana.d@pg.com,39:00.0,Rana.d@pg.com,39:00.0
2728,Pantene Pro-V 2in1 shampoo + Conditioner Hair Fall Control New,Pantene Pro-V Hair Science Silky Smooth shampoo,0,Rana.d@pg.com,39:00.0,Rana.d@pg.com,39:00.0
2729,Pantene Pro-V 2in1 shampoo + Conditioner Hair Fall Control New,Pantene Pro-V Hair Science Healthy Shine Shampoo New,0,Rana.d@pg.com,39:00.0,Rana.d@pg.com,39:00.0
2730,Pantene Pro-V 2in1 shampoo + Conditioner Hair Fall Control New,Pantene Pro-V Hair Science Silky Smooth Shampoo New,0,Rana.d@pg.com,39:00.0,Rana.d@pg.com,39:00.0
2731,Pantene Pro-V 2in1 shampoo + Conditioner Hair Fall Control New,PTN Pro-V 2 in1 Shampoo + Conditioner Silky Smooth(Athena),0,Rana.d@pg.com,39:00.0,Rana.d@pg.com,39:00.0
2732,Pantene Pro-V 2in1 shampoo + Conditioner Hair Fall Control New,Pantene Pro-V 2in1 shampoo + Conditioner Silky Smooth New,0,Rana.d@pg.com,39:00.0,Rana.d@pg.com,39:00.0
2733,Pantene Pro-V 2in1 shampoo + Conditioner Hair Fall Control New,PTN Pro-V 2 in1 Shampoo + Conditioner Deep Repair(Athena),0,Rana.d@pg.com,39:00.0,Rana.d@pg.com,39:00.0
2734,Pantene Pro-V 2in1 shampoo + Conditioner Hair Fall Control New,PTN Pro-V 2 in1 Shampoo + Conditioner Hair Fall Control(Athena),0,Rana.d@pg.com,39:00.0,Rana.d@pg.com,39:00.0
2735,Pantene Pro-V 2in1 shampoo + Conditioner Hair Fall Control New,Pantene Pro-V 2in1 shampoo + Conditioner Deep Repair New,0,Rana.d@pg.com,39:00.0,Rana.d@pg.com,39:00.0
2736,Pantene Pro-V 2in1 shampoo + Conditioner Hair Fall Control New,Pantene Pro-V 2in1 shampoo + Conditioner Hair Fall Control New,0,Rana.d@pg.com,39:00.0,Rana.d@pg.com,39:00.0
2737,Pantene Pro-V 2in1 shampoo + Conditioner Hair Fall Control New,HC Base,1,Rana.d@pg.com,39:00.0,Rana.d@pg.com,39:00.0
2738,PTN Pro-V Hair Science Deep Repair Shampoo New,H&S 2in1 AD Shampoo + Conditioner Menthol Fresh,0,Rana.d@pg.com,39:00.0,Rana.d@pg.com,39:00.0
2739,PTN Pro-V Hair Science Deep Repair Shampoo New,H&S 2in1 AD Shiny Black (LCV),0,Rana.d@pg.com,39:00.0,Rana.d@pg.com,39:00.0
2740,PTN Pro-V Hair Science Deep Repair Shampoo New,H&S AD 2in1 Soft & Silky (LCV),0,Rana.d@pg.com,39:00.0,Rana.d@pg.com,39:00.0
2741,PTN Pro-V Hair Science Deep Repair Shampoo New,H&S Anti Dandruff Shampoo Cool Menthol (For Export only),0,Rana.d@pg.com,39:00.0,Rana.d@pg.com,39:00.0
2742,PTN Pro-V Hair Science Deep Repair Shampoo New,H&S AD AHF (LCV),0,Rana.d@pg.com,39:00.0,Rana.d@pg.com,39:00.0
2743,PTN Pro-V Hair Science Deep Repair Shampoo New,Pantene Pro-V Hair Science Luscious Thick shampoo,0,Rana.d@pg.com,39:00.0,Rana.d@pg.com,39:00.0
2744,PTN Pro-V Hair Science Deep Repair Shampoo New,Pantene Pro-V Hair Science Luscious Thick shampoo New,0,Rana.d@pg.com,39:00.0,Rana.d@pg.com,39:00.0
2745,PTN Pro-V Hair Science Deep Repair Shampoo New,Pantene Pro-V Hair Science Deep Repair shampoo,0,Rana.d@pg.com,39:00.0,Rana.d@pg.com,39:00.0
2746,PTN Pro-V Hair Science Deep Repair Shampoo New,Pantene Pro-V Hair Science Hair fall Control shampoo,0,Rana.d@pg.com,39:00.0,Rana.d@pg.com,39:00.0
2747,PTN Pro-V Hair Science Deep Repair Shampoo New,PTN Pro-V Hair Science Deep Repair Shampoo New,0,Rana.d@pg.com,39:00.0,Rana.d@pg.com,39:00.0
2748,PTN Pro-V Hair Science Deep Repair Shampoo New,PTN Pro-V Hair Science Hair Fall Control Shampoo New,0,Rana.d@pg.com,39:00.0,Rana.d@pg.com,39:00.0
2749,PTN Pro-V Hair Science Deep Repair Shampoo New,Pantene Pro-V Hair Science Healthy Shine shampoo,0,Rana.d@pg.com,39:00.0,Rana.d@pg.com,39:00.0
2750,PTN Pro-V Hair Science Deep Repair Shampoo New,Pantene Pro-V Hair Science Silky Smooth shampoo,0,Rana.d@pg.com,39:00.0,Rana.d@pg.com,39:00.0
2751,PTN Pro-V Hair Science Deep Repair Shampoo New,Pantene Pro-V Hair Science Healthy Shine Shampoo New,0,Rana.d@pg.com,39:00.0,Rana.d@pg.com,39:00.0
2752,PTN Pro-V Hair Science Deep Repair Shampoo New,Pantene Pro-V Hair Science Silky Smooth Shampoo New,0,Rana.d@pg.com,39:00.0,Rana.d@pg.com,39:00.0
2753,PTN Pro-V Hair Science Deep Repair Shampoo New,PTN Pro-V 2 in1 Shampoo + Conditioner Silky Smooth(Athena),0,Rana.d@pg.com,39:00.0,Rana.d@pg.com,39:00.0
2754,PTN Pro-V Hair Science Deep Repair Shampoo New,Pantene Pro-V 2in1 shampoo + Conditioner Silky Smooth New,0,Rana.d@pg.com,39:00.0,Rana.d@pg.com,39:00.0
2755,PTN Pro-V Hair Science Deep Repair Shampoo New,PTN Pro-V 2 in1 Shampoo + Conditioner Deep Repair(Athena),0,Rana.d@pg.com,39:00.0,Rana.d@pg.com,39:00.0
2756,PTN Pro-V Hair Science Deep Repair Shampoo New,PTN Pro-V 2 in1 Shampoo + Conditioner Hair Fall Control(Athena),0,Rana.d@pg.com,39:00.0,Rana.d@pg.com,39:00.0
2757,PTN Pro-V Hair Science Deep Repair Shampoo New,Pantene Pro-V 2in1 shampoo + Conditioner Deep Repair New,0,Rana.d@pg.com,39:00.0,Rana.d@pg.com,39:00.0
2758,PTN Pro-V Hair Science Deep Repair Shampoo New,Pantene Pro-V 2in1 shampoo + Conditioner Hair Fall Control New,0,Rana.d@pg.com,39:00.0,Rana.d@pg.com,39:00.0
2759,PTN Pro-V Hair Science Deep Repair Shampoo New,HC Base,1,Rana.d@pg.com,39:00.0,Rana.d@pg.com,39:00.0
2760,H&S 2in1 AD Shampoo + Conditioner Menthol Fresh,PTN Pro-V Hair Science Deep Repair Shampoo New,0,Rana.d@pg.com,39:00.0,Rana.d@pg.com,39:00.0
2761,H&S 2in1 AD Shiny Black (LCV),PTN Pro-V Hair Science Deep Repair Shampoo New,0,Rana.d@pg.com,39:00.0,Rana.d@pg.com,39:00.0
2762,H&S AD 2in1 Soft & Silky (LCV),PTN Pro-V Hair Science Deep Repair Shampoo New,0,Rana.d@pg.com,39:00.0,Rana.d@pg.com,39:00.0
2763,H&S Anti Dandruff Shampoo Cool Menthol (For Export only),PTN Pro-V Hair Science Deep Repair Shampoo New,0,Rana.d@pg.com,39:00.0,Rana.d@pg.com,39:00.0
2764,H&S AD AHF (LCV),PTN Pro-V Hair Science Deep Repair Shampoo New,0,Rana.d@pg.com,39:00.0,Rana.d@pg.com,39:00.0
2765,Pantene Pro-V Hair Science Luscious Thick shampoo,PTN Pro-V Hair Science Deep Repair Shampoo New,0,Rana.d@pg.com,39:00.0,Rana.d@pg.com,39:00.0
2766,Pantene Pro-V Hair Science Luscious Thick shampoo New,PTN Pro-V Hair Science Deep Repair Shampoo New,0,Rana.d@pg.com,39:00.0,Rana.d@pg.com,39:00.0
2767,Pantene Pro-V Hair Science Deep Repair shampoo,PTN Pro-V Hair Science Deep Repair Shampoo New,0,Rana.d@pg.com,39:00.0,Rana.d@pg.com,39:00.0
2768,Pantene Pro-V Hair Science Hair fall Control shampoo,PTN Pro-V Hair Science Deep Repair Shampoo New,0,Rana.d@pg.com,39:00.0,Rana.d@pg.com,39:00.0
2769,PTN Pro-V Hair Science Deep Repair Shampoo New,PTN Pro-V Hair Science Deep Repair Shampoo New,0,Rana.d@pg.com,39:00.0,Rana.d@pg.com,39:00.0
2770,PTN Pro-V Hair Science Hair Fall Control Shampoo New,PTN Pro-V Hair Science Deep Repair Shampoo New,0,Rana.d@pg.com,39:00.0,Rana.d@pg.com,39:00.0
2771,Pantene Pro-V Hair Science Healthy Shine shampoo,PTN Pro-V Hair Science Deep Repair Shampoo New,0,Rana.d@pg.com,39:00.0,Rana.d@pg.com,39:00.0
2772,Pantene Pro-V Hair Science Silky Smooth shampoo,PTN Pro-V Hair Science Deep Repair Shampoo New,0,Rana.d@pg.com,39:00.0,Rana.d@pg.com,39:00.0
2773,Pantene Pro-V Hair Science Healthy Shine Shampoo New,PTN Pro-V Hair Science Deep Repair Shampoo New,0,Rana.d@pg.com,39:00.0,Rana.d@pg.com,39:00.0
2774,Pantene Pro-V Hair Science Silky Smooth Shampoo New,PTN Pro-V Hair Science Deep Repair Shampoo New,0,Rana.d@pg.com,39:00.0,Rana.d@pg.com,39:00.0
2775,PTN Pro-V 2 in1 Shampoo + Conditioner Silky Smooth(Athena),PTN Pro-V Hair Science Deep Repair Shampoo New,0,Rana.d@pg.com,39:00.0,Rana.d@pg.com,39:00.0
2776,Pantene Pro-V 2in1 shampoo + Conditioner Silky Smooth New,PTN Pro-V Hair Science Deep Repair Shampoo New,0,Rana.d@pg.com,39:00.0,Rana.d@pg.com,39:00.0
2777,PTN Pro-V 2 in1 Shampoo + Conditioner Deep Repair(Athena),PTN Pro-V Hair Science Deep Repair Shampoo New,0,Rana.d@pg.com,39:00.0,Rana.d@pg.com,39:00.0
2778,PTN Pro-V 2 in1 Shampoo + Conditioner Hair Fall Control(Athena),PTN Pro-V Hair Science Deep Repair Shampoo New,0,Rana.d@pg.com,39:00.0,Rana.d@pg.com,39:00.0
2779,Pantene Pro-V 2in1 shampoo + Conditioner Deep Repair New,PTN Pro-V Hair Science Deep Repair Shampoo New,0,Rana.d@pg.com,39:00.0,Rana.d@pg.com,39:00.0
2780,Pantene Pro-V 2in1 shampoo + Conditioner Hair Fall Control New,PTN Pro-V Hair Science Deep Repair Shampoo New,0,Rana.d@pg.com,39:00.0,Rana.d@pg.com,39:00.0
2781,HC Base,PTN Pro-V Hair Science Deep Repair Shampoo New,1,Rana.d@pg.com,39:00.0,Rana.d@pg.com,39:00.0
2782,H&S 2in1 AD Shampoo + Conditioner Menthol Fresh,PTN Pro-V Hair Science Hair Fall Control Shampoo New,0,Rana.d@pg.com,39:00.0,Rana.d@pg.com,39:00.0
2783,H&S 2in1 AD Shiny Black (LCV),PTN Pro-V Hair Science Hair Fall Control Shampoo New,0,Rana.d@pg.com,39:00.0,Rana.d@pg.com,39:00.0
2784,H&S AD 2in1 Soft & Silky (LCV),PTN Pro-V Hair Science Hair Fall Control Shampoo New,0,Rana.d@pg.com,39:00.0,Rana.d@pg.com,39:00.0
2785,H&S Anti Dandruff Shampoo Cool Menthol (For Export only),PTN Pro-V Hair Science Hair Fall Control Shampoo New,0,Rana.d@pg.com,39:00.0,Rana.d@pg.com,39:00.0
2786,H&S AD AHF (LCV),PTN Pro-V Hair Science Hair Fall Control Shampoo New,0,Rana.d@pg.com,39:00.0,Rana.d@pg.com,39:00.0
2787,Pantene Pro-V Hair Science Luscious Thick shampoo,PTN Pro-V Hair Science Hair Fall Control Shampoo New,0,Rana.d@pg.com,39:00.0,Rana.d@pg.com,39:00.0
2788,Pantene Pro-V Hair Science Luscious Thick shampoo New,PTN Pro-V Hair Science Hair Fall Control Shampoo New,0,Rana.d@pg.com,39:00.0,Rana.d@pg.com,39:00.0
2789,Pantene Pro-V Hair Science Deep Repair shampoo,PTN Pro-V Hair Science Hair Fall Control Shampoo New,0,Rana.d@pg.com,39:00.0,Rana.d@pg.com,39:00.0
2790,Pantene Pro-V Hair Science Hair fall Control shampoo,PPTN Pro-V Hair Science Hair Fall Control Shampoo New,0,Rana.d@pg.com,39:00.0,Rana.d@pg.com,39:00.0
2791,PTN Pro-V Hair Science Deep Repair Shampoo New,PTN Pro-V Hair Science Hair Fall Control Shampoo New,0,Rana.d@pg.com,39:00.0,Rana.d@pg.com,39:00.0
2792,PTN Pro-V Hair Science Hair Fall Control Shampoo New,PTN Pro-V Hair Science Hair Fall Control Shampoo New,0,Rana.d@pg.com,39:00.0,Rana.d@pg.com,39:00.0
2793,Pantene Pro-V Hair Science Healthy Shine shampoo,PTN Pro-V Hair Science Hair Fall Control Shampoo New,0,Rana.d@pg.com,39:00.0,Rana.d@pg.com,39:00.0
2794,Pantene Pro-V Hair Science Silky Smooth shampoo,PTN Pro-V Hair Science Hair Fall Control Shampoo New,0,Rana.d@pg.com,39:00.0,Rana.d@pg.com,39:00.0
2795,Pantene Pro-V Hair Science Healthy Shine Shampoo New,PTN Pro-V Hair Science Hair Fall Control Shampoo New,0,Rana.d@pg.com,39:00.0,Rana.d@pg.com,39:00.0
2796,Pantene Pro-V Hair Science Silky Smooth Shampoo New,PTN Pro-V Hair Science Hair Fall Control Shampoo New,0,Rana.d@pg.com,39:00.0,Rana.d@pg.com,39:00.0
2797,PTN Pro-V 2 in1 Shampoo + Conditioner Silky Smooth(Athena),PTN Pro-V Hair Science Hair Fall Control Shampoo New,0,Rana.d@pg.com,39:00.0,Rana.d@pg.com,39:00.0
2798,Pantene Pro-V 2in1 shampoo + Conditioner Silky Smooth New,PTN Pro-V Hair Science Hair Fall Control Shampoo New,0,Rana.d@pg.com,39:00.0,Rana.d@pg.com,39:00.0
2799,PTN Pro-V 2 in1 Shampoo + Conditioner Deep Repair(Athena),PTN Pro-V Hair Science Hair Fall Control Shampoo New,0,Rana.d@pg.com,39:00.0,Rana.d@pg.com,39:00.0
2800,PTN Pro-V 2 in1 Shampoo + Conditioner Hair Fall Control(Athena),PTN Pro-V Hair Science Hair Fall Control Shampoo New,0,Rana.d@pg.com,39:00.0,Rana.d@pg.com,39:00.0
2801,Pantene Pro-V 2in1 shampoo + Conditioner Deep Repair New,PTN Pro-V Hair Science Hair Fall Control Shampoo New,0,Rana.d@pg.com,39:00.0,Rana.d@pg.com,39:00.0
2802,Pantene Pro-V 2in1 shampoo + Conditioner Hair Fall Control New,PTN Pro-V Hair Science Hair Fall Control Shampoo New,0,Rana.d@pg.com,39:00.0,Rana.d@pg.com,39:00.0
2803,HC Base,PTN Pro-V Hair Science Hair Fall Control Shampoo New,1,Rana.d@pg.com,39:00.0,Rana.d@pg.com,39:00.0
2804,PTN Pro-V Hair Science Hair Fall Control Shampoo New,H&S 2in1 AD Shampoo + Conditioner Menthol Fresh,0,Rana.d@pg.com,39:00.0,Rana.d@pg.com,39:00.0
2805,PTN Pro-V Hair Science Hair Fall Control Shampoo New,H&S 2in1 AD Shiny Black (LCV),0,Rana.d@pg.com,39:00.0,Rana.d@pg.com,39:00.0
2806,PTN Pro-V Hair Science Hair Fall Control Shampoo New,H&S AD 2in1 Soft & Silky (LCV),0,Rana.d@pg.com,39:00.0,Rana.d@pg.com,39:00.0
2807,PTN Pro-V Hair Science Hair Fall Control Shampoo New,H&S Anti Dandruff Shampoo Cool Menthol (For Export only),0,Rana.d@pg.com,39:00.0,Rana.d@pg.com,39:00.0
2808,PTN Pro-V Hair Science Hair Fall Control Shampoo New,H&S AD AHF (LCV),0,Rana.d@pg.com,39:00.0,Rana.d@pg.com,39:00.0
2809,PTN Pro-V Hair Science Hair Fall Control Shampoo New,Pantene Pro-V Hair Science Luscious Thick shampoo,0,Rana.d@pg.com,39:00.0,Rana.d@pg.com,39:00.0
2810,PTN Pro-V Hair Science Hair Fall Control Shampoo New,Pantene Pro-V Hair Science Luscious Thick shampoo New,0,Rana.d@pg.com,39:00.0,Rana.d@pg.com,39:00.0
2811,PTN Pro-V Hair Science Hair Fall Control Shampoo New,Pantene Pro-V Hair Science Deep Repair shampoo,0,Rana.d@pg.com,39:00.0,Rana.d@pg.com,39:00.0
2812,PTN Pro-V Hair Science Hair Fall Control Shampoo New,Pantene Pro-V Hair Science Hair fall Control shampoo,0,Rana.d@pg.com,39:00.0,Rana.d@pg.com,39:00.0
2813,PTN Pro-V Hair Science Hair Fall Control Shampoo New,PTN Pro-V Hair Science Deep Repair Shampoo New,0,Rana.d@pg.com,39:00.0,Rana.d@pg.com,39:00.0
2814,PTN Pro-V Hair Science Hair Fall Control Shampoo New,PTN Pro-V Hair Science Hair Fall Control Shampoo New,0,Rana.d@pg.com,39:00.0,Rana.d@pg.com,39:00.0
2815,PTN Pro-V Hair Science Hair Fall Control Shampoo New,Pantene Pro-V Hair Science Healthy Shine shampoo,0,Rana.d@pg.com,39:00.0,Rana.d@pg.com,39:00.0
2816,PTN Pro-V Hair Science Hair Fall Control Shampoo New,Pantene Pro-V Hair Science Silky Smooth shampoo,0,Rana.d@pg.com,39:00.0,Rana.d@pg.com,39:00.0
2817,PTN Pro-V Hair Science Hair Fall Control Shampoo New,Pantene Pro-V Hair Science Healthy Shine Shampoo New,0,Rana.d@pg.com,39:00.0,Rana.d@pg.com,39:00.0
2818,PTN Pro-V Hair Science Hair Fall Control Shampoo New,Pantene Pro-V Hair Science Silky Smooth Shampoo New,0,Rana.d@pg.com,39:00.0,Rana.d@pg.com,39:00.0
2819,PTN Pro-V Hair Science Hair Fall Control Shampoo New,PTN Pro-V 2 in1 Shampoo + Conditioner Silky Smooth(Athena),0,Rana.d@pg.com,39:00.0,Rana.d@pg.com,39:00.0
2820,PTN Pro-V Hair Science Hair Fall Control Shampoo New,Pantene Pro-V 2in1 shampoo + Conditioner Silky Smooth New,0,Rana.d@pg.com,39:00.0,Rana.d@pg.com,39:00.0
2821,PTN Pro-V Hair Science Hair Fall Control Shampoo New,PTN Pro-V 2 in1 Shampoo + Conditioner Deep Repair(Athena),0,Rana.d@pg.com,39:00.0,Rana.d@pg.com,39:00.0
2822,PTN Pro-V Hair Science Hair Fall Control Shampoo New,PTN Pro-V 2 in1 Shampoo + Conditioner Hair Fall Control(Athena),0,Rana.d@pg.com,39:00.0,Rana.d@pg.com,39:00.0
2823,PTN Pro-V Hair Science Hair Fall Control Shampoo New,Pantene Pro-V 2in1 shampoo + Conditioner Deep Repair New,0,Rana.d@pg.com,39:00.0,Rana.d@pg.com,39:00.0
2824,PTN Pro-V Hair Science Hair Fall Control Shampoo New,Pantene Pro-V 2in1 shampoo + Conditioner Hair Fall Control New,0,Rana.d@pg.com,39:00.0,Rana.d@pg.com,39:00.0
2825,PTN Pro-V Hair Science Hair Fall Control Shampoo New,HC Base,1,Rana.d@pg.com,39:00.0,Rana.d@pg.com,39:00.0
2826,H&S 2in1 AD Shampoo + Conditioner Menthol Fresh,Pantene Pro-V Hair Science Luscious Thick shampoo New,0,Rana.d@pg.com,39:00.0,Rana.d@pg.com,39:00.0
2827,H&S 2in1 AD Shiny Black (LCV),Pantene Pro-V Hair Science Luscious Thick shampoo New,0,Rana.d@pg.com,39:00.0,Rana.d@pg.com,39:00.0
2828,H&S AD 2in1 Soft & Silky (LCV),Pantene Pro-V Hair Science Luscious Thick shampoo New,0,Rana.d@pg.com,39:00.0,Rana.d@pg.com,39:00.0
2829,H&S Anti Dandruff Shampoo Cool Menthol (For Export only),Pantene Pro-V Hair Science Luscious Thick shampoo New,0,Rana.d@pg.com,39:00.0,Rana.d@pg.com,39:00.0
2830,H&S AD AHF (LCV),Pantene Pro-V Hair Science Luscious Thick shampoo New,0,Rana.d@pg.com,39:00.0,Rana.d@pg.com,39:00.0
2831,Pantene Pro-V Hair Science Luscious Thick shampoo,Pantene Pro-V Hair Science Luscious Thick shampoo New,0,Rana.d@pg.com,39:00.0,Rana.d@pg.com,39:00.0
2832,Pantene Pro-V Hair Science Luscious Thick shampoo New,Pantene Pro-V Hair Science Luscious Thick shampoo New,0,Rana.d@pg.com,39:00.0,Rana.d@pg.com,39:00.0
2833,Pantene Pro-V Hair Science Deep Repair shampoo,Pantene Pro-V Hair Science Luscious Thick shampoo New,0,Rana.d@pg.com,39:00.0,Rana.d@pg.com,39:00.0
2834,Pantene Pro-V Hair Science Hair fall Control shampoo,Pantene Pro-V Hair Science Luscious Thick shampoo New,0,Rana.d@pg.com,39:00.0,Rana.d@pg.com,39:00.0
2835,PTN Pro-V Hair Science Deep Repair Shampoo New,Pantene Pro-V Hair Science Luscious Thick shampoo New,0,Rana.d@pg.com,39:00.0,Rana.d@pg.com,39:00.0
2836,PTN Pro-V Hair Science Hair Fall Control Shampoo New,Pantene Pro-V Hair Science Luscious Thick shampoo New,0,Rana.d@pg.com,39:00.0,Rana.d@pg.com,39:00.0
2837,Pantene Pro-V Hair Science Healthy Shine shampoo,Pantene Pro-V Hair Science Luscious Thick shampoo New,0,Rana.d@pg.com,39:00.0,Rana.d@pg.com,39:00.0
2838,Pantene Pro-V Hair Science Silky Smooth shampoo,Pantene Pro-V Hair Science Luscious Thick shampoo New,0,Rana.d@pg.com,39:00.0,Rana.d@pg.com,39:00.0
2839,Pantene Pro-V Hair Science Healthy Shine Shampoo New,Pantene Pro-V Hair Science Luscious Thick shampoo New,0,Rana.d@pg.com,39:00.0,Rana.d@pg.com,39:00.0
2840,Pantene Pro-V Hair Science Silky Smooth Shampoo New,Pantene Pro-V Hair Science Luscious Thick shampoo New,0,Rana.d@pg.com,39:00.0,Rana.d@pg.com,39:00.0
2841,PTN Pro-V 2 in1 Shampoo + Conditioner Silky Smooth(Athena),Pantene Pro-V Hair Science Luscious Thick shampoo New,0,Rana.d@pg.com,39:00.0,Rana.d@pg.com,39:00.0
2842,Pantene Pro-V 2in1 shampoo + Conditioner Silky Smooth New,Pantene Pro-V Hair Science Luscious Thick shampoo New,0,Rana.d@pg.com,39:00.0,Rana.d@pg.com,39:00.0
2843,PTN Pro-V 2 in1 Shampoo + Conditioner Deep Repair(Athena),Pantene Pro-V Hair Science Luscious Thick shampoo New,0,Rana.d@pg.com,39:00.0,Rana.d@pg.com,39:00.0
2844,PTN Pro-V 2 in1 Shampoo + Conditioner Hair Fall Control(Athena),Pantene Pro-V Hair Science Luscious Thick shampoo New,0,Rana.d@pg.com,39:00.0,Rana.d@pg.com,39:00.0
2845,Pantene Pro-V 2in1 shampoo + Conditioner Deep Repair New,Pantene Pro-V Hair Science Luscious Thick shampoo New,0,Rana.d@pg.com,39:00.0,Rana.d@pg.com,39:00.0
2846,Pantene Pro-V 2in1 shampoo + Conditioner Hair Fall Control New,Pantene Pro-V Hair Science Luscious Thick shampoo New,0,Rana.d@pg.com,39:00.0,Rana.d@pg.com,39:00.0
2847,HC Base,Pantene Pro-V Hair Science Luscious Thick shampoo New,1,Rana.d@pg.com,39:00.0,Rana.d@pg.com,39:00.0
2848,Pantene Pro-V Hair Science Luscious Thick shampoo New,H&S 2in1 AD Shampoo + Conditioner Menthol Fresh,0,Rana.d@pg.com,39:00.0,Rana.d@pg.com,39:00.0
2849,Pantene Pro-V Hair Science Luscious Thick shampoo New,H&S 2in1 AD Shiny Black (LCV),0,Rana.d@pg.com,39:00.0,Rana.d@pg.com,39:00.0
2850,Pantene Pro-V Hair Science Luscious Thick shampoo New,H&S AD 2in1 Soft & Silky (LCV),0,Rana.d@pg.com,39:00.0,Rana.d@pg.com,39:00.0
2851,Pantene Pro-V Hair Science Luscious Thick shampoo New,H&S Anti Dandruff Shampoo Cool Menthol (For Export only),0,Rana.d@pg.com,39:00.0,Rana.d@pg.com,39:00.0
2852,Pantene Pro-V Hair Science Luscious Thick shampoo New,H&S AD AHF (LCV),0,Rana.d@pg.com,39:00.0,Rana.d@pg.com,39:00.0
2853,Pantene Pro-V Hair Science Luscious Thick shampoo New,Pantene Pro-V Hair Science Luscious Thick shampoo,0,Rana.d@pg.com,39:00.0,Rana.d@pg.com,39:00.0
2854,Pantene Pro-V Hair Science Luscious Thick shampoo New,Pantene Pro-V Hair Science Luscious Thick shampoo New,0,Rana.d@pg.com,39:00.0,Rana.d@pg.com,39:00.0
2855,Pantene Pro-V Hair Science Luscious Thick shampoo New,Pantene Pro-V Hair Science Deep Repair shampoo,0,Rana.d@pg.com,39:00.0,Rana.d@pg.com,39:00.0
2856,Pantene Pro-V Hair Science Luscious Thick shampoo New,Pantene Pro-V Hair Science Hair fall Control shampoo,0,Rana.d@pg.com,39:00.0,Rana.d@pg.com,39:00.0
2857,Pantene Pro-V Hair Science Luscious Thick shampoo New,PTN Pro-V Hair Science Deep Repair Shampoo New,0,Rana.d@pg.com,39:00.0,Rana.d@pg.com,39:00.0
2858,Pantene Pro-V Hair Science Luscious Thick shampoo New,PTN Pro-V Hair Science Hair Fall Control Shampoo New,0,Rana.d@pg.com,39:00.0,Rana.d@pg.com,39:00.0
2859,Pantene Pro-V Hair Science Luscious Thick shampoo New,Pantene Pro-V Hair Science Healthy Shine shampoo,0,Rana.d@pg.com,39:00.0,Rana.d@pg.com,39:00.0
2860,Pantene Pro-V Hair Science Luscious Thick shampoo New,Pantene Pro-V Hair Science Silky Smooth shampoo,0,Rana.d@pg.com,39:00.0,Rana.d@pg.com,39:00.0
2861,Pantene Pro-V Hair Science Luscious Thick shampoo New,Pantene Pro-V Hair Science Healthy Shine Shampoo New,0,Rana.d@pg.com,39:00.0,Rana.d@pg.com,39:00.0
2862,Pantene Pro-V Hair Science Luscious Thick shampoo New,Pantene Pro-V Hair Science Silky Smooth Shampoo New,0,Rana.d@pg.com,39:00.0,Rana.d@pg.com,39:00.0
2863,Pantene Pro-V Hair Science Luscious Thick shampoo New,PTN Pro-V 2 in1 Shampoo + Conditioner Silky Smooth(Athena),0,Rana.d@pg.com,39:00.0,Rana.d@pg.com,39:00.0
2864,Pantene Pro-V Hair Science Luscious Thick shampoo New,Pantene Pro-V 2in1 shampoo + Conditioner Silky Smooth New,0,Rana.d@pg.com,39:00.0,Rana.d@pg.com,39:00.0
2865,Pantene Pro-V Hair Science Luscious Thick shampoo New,PTN Pro-V 2 in1 Shampoo + Conditioner Deep Repair(Athena),0,Rana.d@pg.com,39:00.0,Rana.d@pg.com,39:00.0
2866,Pantene Pro-V Hair Science Luscious Thick shampoo New,PTN Pro-V 2 in1 Shampoo + Conditioner Hair Fall Control(Athena),0,Rana.d@pg.com,39:00.0,Rana.d@pg.com,39:00.0
2867,Pantene Pro-V Hair Science Luscious Thick shampoo New,Pantene Pro-V 2in1 shampoo + Conditioner Deep Repair New,0,Rana.d@pg.com,39:00.0,Rana.d@pg.com,39:00.0
2868,Pantene Pro-V Hair Science Luscious Thick shampoo New,Pantene Pro-V 2in1 shampoo + Conditioner Hair Fall Control New,0,Rana.d@pg.com,39:00.0,Rana.d@pg.com,39:00.0
2869,Pantene Pro-V Hair Science Luscious Thick shampoo New,HC Base,1,Rana.d@pg.com,39:00.0,Rana.d@pg.com,39:00.0
2870,H&S 2in1 AD Shampoo + Conditioner Menthol Fresh,Pantene Pro-V Hair Science Healthy Shine Shampoo New,0,Rana.d@pg.com,39:00.0,Rana.d@pg.com,39:00.0
2871,H&S 2in1 AD Shiny Black (LCV),Pantene Pro-V Hair Science Healthy Shine Shampoo New,0,Rana.d@pg.com,39:00.0,Rana.d@pg.com,39:00.0
2872,H&S AD 2in1 Soft & Silky (LCV),Pantene Pro-V Hair Science Healthy Shine Shampoo New,0,Rana.d@pg.com,39:00.0,Rana.d@pg.com,39:00.0
2873,H&S Anti Dandruff Shampoo Cool Menthol (For Export only),Pantene Pro-V Hair Science Healthy Shine Shampoo New,0,Rana.d@pg.com,39:00.0,Rana.d@pg.com,39:00.0
2874,H&S AD AHF (LCV),Pantene Pro-V Hair Science Healthy Shine Shampoo New,0,Rana.d@pg.com,39:00.0,Rana.d@pg.com,39:00.0
2875,Pantene Pro-V Hair Science Luscious Thick shampoo,Pantene Pro-V Hair Science Healthy Shine Shampoo New,0,Rana.d@pg.com,39:00.0,Rana.d@pg.com,39:00.0
2876,Pantene Pro-V Hair Science Luscious Thick shampoo New,Pantene Pro-V Hair Science Healthy Shine Shampoo New,0,Rana.d@pg.com,39:00.0,Rana.d@pg.com,39:00.0
2877,Pantene Pro-V Hair Science Deep Repair shampoo,Pantene Pro-V Hair Science Healthy Shine Shampoo New,0,Rana.d@pg.com,39:00.0,Rana.d@pg.com,39:00.0
2878,Pantene Pro-V Hair Science Hair fall Control shampoo,Pantene Pro-V Hair Science Healthy Shine Shampoo New,0,Rana.d@pg.com,39:00.0,Rana.d@pg.com,39:00.0
2879,PTN Pro-V Hair Science Deep Repair Shampoo New,Pantene Pro-V Hair Science Healthy Shine Shampoo New,0,Rana.d@pg.com,39:00.0,Rana.d@pg.com,39:00.0
2880,PTN Pro-V Hair Science Hair Fall Control Shampoo New,Pantene Pro-V Hair Science Healthy Shine Shampoo New,0,Rana.d@pg.com,39:00.0,Rana.d@pg.com,39:00.0
2881,Pantene Pro-V Hair Science Healthy Shine shampoo,Pantene Pro-V Hair Science Healthy Shine Shampoo New,0,Rana.d@pg.com,39:00.0,Rana.d@pg.com,39:00.0
2882,Pantene Pro-V Hair Science Silky Smooth shampoo,Pantene Pro-V Hair Science Healthy Shine Shampoo New,0,Rana.d@pg.com,39:00.0,Rana.d@pg.com,39:00.0
2883,Pantene Pro-V Hair Science Healthy Shine Shampoo New,Pantene Pro-V Hair Science Healthy Shine Shampoo New,0,Rana.d@pg.com,39:00.0,Rana.d@pg.com,39:00.0
2884,Pantene Pro-V Hair Science Silky Smooth Shampoo New,Pantene Pro-V Hair Science Healthy Shine Shampoo New,0,Rana.d@pg.com,39:00.0,Rana.d@pg.com,39:00.0
2885,PTN Pro-V 2 in1 Shampoo + Conditioner Silky Smooth(Athena),Pantene Pro-V Hair Science Healthy Shine Shampoo New,0,Rana.d@pg.com,39:00.0,Rana.d@pg.com,39:00.0
2886,Pantene Pro-V 2in1 shampoo + Conditioner Silky Smooth New,Pantene Pro-V Hair Science Healthy Shine Shampoo New,0,Rana.d@pg.com,39:00.0,Rana.d@pg.com,39:00.0
2887,PTN Pro-V 2 in1 Shampoo + Conditioner Deep Repair(Athena),Pantene Pro-V Hair Science Healthy Shine Shampoo New,0,Rana.d@pg.com,39:00.0,Rana.d@pg.com,39:00.0
2888,PTN Pro-V 2 in1 Shampoo + Conditioner Hair Fall Control(Athena),Pantene Pro-V Hair Science Healthy Shine Shampoo New,0,Rana.d@pg.com,39:00.0,Rana.d@pg.com,39:00.0
2889,Pantene Pro-V 2in1 shampoo + Conditioner Deep Repair New,Pantene Pro-V Hair Science Healthy Shine Shampoo New,0,Rana.d@pg.com,39:00.0,Rana.d@pg.com,39:00.0
2890,Pantene Pro-V 2in1 shampoo + Conditioner Hair Fall Control New,Pantene Pro-V Hair Science Healthy Shine Shampoo New,0,Rana.d@pg.com,39:00.0,Rana.d@pg.com,39:00.0
2891,HC Base,Pantene Pro-V Hair Science Healthy Shine Shampoo New,1,Rana.d@pg.com,39:00.0,Rana.d@pg.com,39:00.0
2892,Pantene Pro-V Hair Science Healthy Shine Shampoo New,H&S 2in1 AD Shampoo + Conditioner Menthol Fresh,0,Rana.d@pg.com,39:00.0,Rana.d@pg.com,39:00.0
2893,Pantene Pro-V Hair Science Healthy Shine Shampoo New,H&S 2in1 AD Shiny Black (LCV),0,Rana.d@pg.com,39:00.0,Rana.d@pg.com,39:00.0
2894,Pantene Pro-V Hair Science Healthy Shine Shampoo New,H&S AD 2in1 Soft & Silky (LCV),0,Rana.d@pg.com,39:00.0,Rana.d@pg.com,39:00.0
2895,Pantene Pro-V Hair Science Healthy Shine Shampoo New,H&S Anti Dandruff Shampoo Cool Menthol (For Export only),0,Rana.d@pg.com,39:00.0,Rana.d@pg.com,39:00.0
2896,Pantene Pro-V Hair Science Healthy Shine Shampoo New,H&S AD AHF (LCV),0,Rana.d@pg.com,39:00.0,Rana.d@pg.com,39:00.0
2897,Pantene Pro-V Hair Science Healthy Shine Shampoo New,Pantene Pro-V Hair Science Luscious Thick shampoo,0,Rana.d@pg.com,39:00.0,Rana.d@pg.com,39:00.0
2898,Pantene Pro-V Hair Science Healthy Shine Shampoo New,Pantene Pro-V Hair Science Luscious Thick shampoo New,0,Rana.d@pg.com,39:00.0,Rana.d@pg.com,39:00.0
2899,Pantene Pro-V Hair Science Healthy Shine Shampoo New,Pantene Pro-V Hair Science Deep Repair shampoo,0,Rana.d@pg.com,39:00.0,Rana.d@pg.com,39:00.0
2900,Pantene Pro-V Hair Science Healthy Shine Shampoo New,Pantene Pro-V Hair Science Hair fall Control shampoo,0,Rana.d@pg.com,39:00.0,Rana.d@pg.com,39:00.0
2901,Pantene Pro-V Hair Science Healthy Shine Shampoo New,PTN Pro-V Hair Science Deep Repair Shampoo New,0,Rana.d@pg.com,39:00.0,Rana.d@pg.com,39:00.0
2902,Pantene Pro-V Hair Science Healthy Shine Shampoo New,PTN Pro-V Hair Science Hair Fall Control Shampoo New,0,Rana.d@pg.com,39:00.0,Rana.d@pg.com,39:00.0
2903,Pantene Pro-V Hair Science Healthy Shine Shampoo New,Pantene Pro-V Hair Science Healthy Shine shampoo,0,Rana.d@pg.com,39:00.0,Rana.d@pg.com,39:00.0
2904,Pantene Pro-V Hair Science Healthy Shine Shampoo New,Pantene Pro-V Hair Science Silky Smooth shampoo,0,Rana.d@pg.com,39:00.0,Rana.d@pg.com,39:00.0
2905,Pantene Pro-V Hair Science Healthy Shine Shampoo New,Pantene Pro-V Hair Science Healthy Shine Shampoo New,0,Rana.d@pg.com,39:00.0,Rana.d@pg.com,39:00.0
2906,Pantene Pro-V Hair Science Healthy Shine Shampoo New,Pantene Pro-V Hair Science Silky Smooth Shampoo New,0,Rana.d@pg.com,39:00.0,Rana.d@pg.com,39:00.0
2907,Pantene Pro-V Hair Science Healthy Shine Shampoo New,PTN Pro-V 2 in1 Shampoo + Conditioner Silky Smooth(Athena),0,Rana.d@pg.com,39:00.0,Rana.d@pg.com,39:00.0
2908,Pantene Pro-V Hair Science Healthy Shine Shampoo New,Pantene Pro-V 2in1 shampoo + Conditioner Silky Smooth New,0,Rana.d@pg.com,39:00.0,Rana.d@pg.com,39:00.0
2909,Pantene Pro-V Hair Science Healthy Shine Shampoo New,PTN Pro-V 2 in1 Shampoo + Conditioner Deep Repair(Athena),0,Rana.d@pg.com,39:00.0,Rana.d@pg.com,39:00.0
2910,Pantene Pro-V Hair Science Healthy Shine Shampoo New,PTN Pro-V 2 in1 Shampoo + Conditioner Hair Fall Control(Athena),0,Rana.d@pg.com,39:00.0,Rana.d@pg.com,39:00.0
2911,Pantene Pro-V Hair Science Healthy Shine Shampoo New,Pantene Pro-V 2in1 shampoo + Conditioner Deep Repair New,0,Rana.d@pg.com,39:00.0,Rana.d@pg.com,39:00.0
2912,Pantene Pro-V Hair Science Healthy Shine Shampoo New,Pantene Pro-V 2in1 shampoo + Conditioner Hair Fall Control New,0,Rana.d@pg.com,39:00.0,Rana.d@pg.com,39:00.0
2913,Pantene Pro-V Hair Science Healthy Shine Shampoo New,HC Base,1,Rana.d@pg.com,39:00.0,Rana.d@pg.com,39:00.0
2914,Pantene Pro-V Hair Science Silky Smooth Shampoo New,H&S 2in1 AD Shampoo + Conditioner Menthol Fresh,0,Rana.d@pg.com,39:00.0,Rana.d@pg.com,39:00.0
2915,Pantene Pro-V Hair Science Silky Smooth Shampoo New,H&S 2in1 AD Shiny Black (LCV),0,Rana.d@pg.com,39:00.0,Rana.d@pg.com,39:00.0
2916,Pantene Pro-V Hair Science Silky Smooth Shampoo New,H&S AD 2in1 Soft & Silky (LCV),0,Rana.d@pg.com,39:00.0,Rana.d@pg.com,39:00.0
2917,Pantene Pro-V Hair Science Silky Smooth Shampoo New,H&S Anti Dandruff Shampoo Cool Menthol (For Export only),0,Rana.d@pg.com,39:00.0,Rana.d@pg.com,39:00.0
2918,Pantene Pro-V Hair Science Silky Smooth Shampoo New,H&S AD AHF (LCV),0,Rana.d@pg.com,39:00.0,Rana.d@pg.com,39:00.0
2919,Pantene Pro-V Hair Science Silky Smooth Shampoo New,Pantene Pro-V Hair Science Luscious Thick shampoo,0,Rana.d@pg.com,39:00.0,Rana.d@pg.com,39:00.0
2920,Pantene Pro-V Hair Science Silky Smooth Shampoo New,Pantene Pro-V Hair Science Luscious Thick shampoo New,0,Rana.d@pg.com,39:00.0,Rana.d@pg.com,39:00.0
2921,Pantene Pro-V Hair Science Silky Smooth Shampoo New,Pantene Pro-V Hair Science Deep Repair shampoo,0,Rana.d@pg.com,39:00.0,Rana.d@pg.com,39:00.0
2922,Pantene Pro-V Hair Science Silky Smooth Shampoo New,Pantene Pro-V Hair Science Hair fall Control shampoo,0,Rana.d@pg.com,39:00.0,Rana.d@pg.com,39:00.0
2923,Pantene Pro-V Hair Science Silky Smooth Shampoo New,PTN Pro-V Hair Science Deep Repair Shampoo New,0,Rana.d@pg.com,39:00.0,Rana.d@pg.com,39:00.0
2924,Pantene Pro-V Hair Science Silky Smooth Shampoo New,PTN Pro-V Hair Science Hair Fall Control Shampoo New,0,Rana.d@pg.com,39:00.0,Rana.d@pg.com,39:00.0
2925,Pantene Pro-V Hair Science Silky Smooth Shampoo New,Pantene Pro-V Hair Science Healthy Shine shampoo,0,Rana.d@pg.com,39:00.0,Rana.d@pg.com,39:00.0
2926,Pantene Pro-V Hair Science Silky Smooth Shampoo New,Pantene Pro-V Hair Science Silky Smooth shampoo,0,Rana.d@pg.com,39:00.0,Rana.d@pg.com,39:00.0
2927,Pantene Pro-V Hair Science Silky Smooth Shampoo New,Pantene Pro-V Hair Science Healthy Shine Shampoo New,0,Rana.d@pg.com,39:00.0,Rana.d@pg.com,39:00.0
2928,Pantene Pro-V Hair Science Silky Smooth Shampoo New,Pantene Pro-V Hair Science Silky Smooth Shampoo New,0,Rana.d@pg.com,39:00.0,Rana.d@pg.com,39:00.0
2929,Pantene Pro-V Hair Science Silky Smooth Shampoo New,PTN Pro-V 2 in1 Shampoo + Conditioner Silky Smooth(Athena),0,Rana.d@pg.com,39:00.0,Rana.d@pg.com,39:00.0
2930,Pantene Pro-V Hair Science Silky Smooth Shampoo New,Pantene Pro-V 2in1 shampoo + Conditioner Silky Smooth New,0,Rana.d@pg.com,39:00.0,Rana.d@pg.com,39:00.0
2931,Pantene Pro-V Hair Science Silky Smooth Shampoo New,PTN Pro-V 2 in1 Shampoo + Conditioner Deep Repair(Athena),0,Rana.d@pg.com,39:00.0,Rana.d@pg.com,39:00.0
2932,Pantene Pro-V Hair Science Silky Smooth Shampoo New,PTN Pro-V 2 in1 Shampoo + Conditioner Hair Fall Control(Athena),0,Rana.d@pg.com,39:00.0,Rana.d@pg.com,39:00.0
2933,Pantene Pro-V Hair Science Silky Smooth Shampoo New,Pantene Pro-V 2in1 shampoo + Conditioner Deep Repair New,0,Rana.d@pg.com,39:00.0,Rana.d@pg.com,39:00.0
2934,Pantene Pro-V Hair Science Silky Smooth Shampoo New,Pantene Pro-V 2in1 shampoo + Conditioner Hair Fall Control New,0,Rana.d@pg.com,39:00.0,Rana.d@pg.com,39:00.0
2935,Pantene Pro-V Hair Science Silky Smooth Shampoo New,HC Base,1,Rana.d@pg.com,39:00.0,Rana.d@pg.com,39:00.0
2936,H&S 2in1 AD Shampoo + Conditioner Menthol Fresh,Pantene Pro-V Hair Science Silky Smooth Shampoo New,0,Rana.d@pg.com,39:00.0,Rana.d@pg.com,39:00.0
2937,H&S 2in1 AD Shiny Black (LCV),Pantene Pro-V Hair Science Silky Smooth Shampoo New,0,Rana.d@pg.com,39:00.0,Rana.d@pg.com,39:00.0
2938,H&S AD 2in1 Soft & Silky (LCV),Pantene Pro-V Hair Science Silky Smooth Shampoo New,0,Rana.d@pg.com,39:00.0,Rana.d@pg.com,39:00.0
2939,H&S Anti Dandruff Shampoo Cool Menthol (For Export only),Pantene Pro-V Hair Science Silky Smooth Shampoo New,0,Rana.d@pg.com,39:00.0,Rana.d@pg.com,39:00.0
2940,H&S AD AHF (LCV),Pantene Pro-V Hair Science Silky Smooth Shampoo New,0,Rana.d@pg.com,39:00.0,Rana.d@pg.com,39:00.0
2941,Pantene Pro-V Hair Science Luscious Thick shampoo,Pantene Pro-V Hair Science Silky Smooth Shampoo New,0,Rana.d@pg.com,39:00.0,Rana.d@pg.com,39:00.0
2942,Pantene Pro-V Hair Science Luscious Thick shampoo New,Pantene Pro-V Hair Science Silky Smooth Shampoo New,0,Rana.d@pg.com,39:00.0,Rana.d@pg.com,39:00.0
2943,Pantene Pro-V Hair Science Deep Repair shampoo,Pantene Pro-V Hair Science Silky Smooth Shampoo New,0,Rana.d@pg.com,39:00.0,Rana.d@pg.com,39:00.0
2944,Pantene Pro-V Hair Science Hair fall Control shampoo,Pantene Pro-V Hair Science Silky Smooth Shampoo New,0,Rana.d@pg.com,39:00.0,Rana.d@pg.com,39:00.0
2945,PTN Pro-V Hair Science Deep Repair Shampoo New,Pantene Pro-V Hair Science Silky Smooth Shampoo New,0,Rana.d@pg.com,39:00.0,Rana.d@pg.com,39:00.0
2946,PTN Pro-V Hair Science Hair Fall Control Shampoo New,Pantene Pro-V Hair Science Silky Smooth Shampoo New,0,Rana.d@pg.com,39:00.0,Rana.d@pg.com,39:00.0
2947,Pantene Pro-V Hair Science Healthy Shine shampoo,Pantene Pro-V Hair Science Silky Smooth Shampoo New,0,Rana.d@pg.com,39:00.0,Rana.d@pg.com,39:00.0
2948,Pantene Pro-V Hair Science Silky Smooth shampoo,Pantene Pro-V Hair Science Silky Smooth Shampoo New,0,Rana.d@pg.com,39:00.0,Rana.d@pg.com,39:00.0
2949,Pantene Pro-V Hair Science Healthy Shine Shampoo New,Pantene Pro-V Hair Science Silky Smooth Shampoo New,0,Rana.d@pg.com,39:00.0,Rana.d@pg.com,39:00.0
2950,Pantene Pro-V Hair Science Silky Smooth Shampoo New,Pantene Pro-V Hair Science Silky Smooth Shampoo New,0,Rana.d@pg.com,39:00.0,Rana.d@pg.com,39:00.0
2951,PTN Pro-V 2 in1 Shampoo + Conditioner Silky Smooth(Athena),Pantene Pro-V Hair Science Silky Smooth Shampoo New,0,Rana.d@pg.com,39:00.0,Rana.d@pg.com,39:00.0
2952,Pantene Pro-V 2in1 shampoo + Conditioner Silky Smooth New,Pantene Pro-V Hair Science Silky Smooth Shampoo New,0,Rana.d@pg.com,39:00.0,Rana.d@pg.com,39:00.0
2953,PTN Pro-V 2 in1 Shampoo + Conditioner Deep Repair(Athena),Pantene Pro-V Hair Science Silky Smooth Shampoo New,0,Rana.d@pg.com,39:00.0,Rana.d@pg.com,39:00.0
2954,PTN Pro-V 2 in1 Shampoo + Conditioner Hair Fall Control(Athena),Pantene Pro-V Hair Science Silky Smooth Shampoo New,0,Rana.d@pg.com,39:00.0,Rana.d@pg.com,39:00.0
2955,Pantene Pro-V 2in1 shampoo + Conditioner Deep Repair New,Pantene Pro-V Hair Science Silky Smooth Shampoo New,0,Rana.d@pg.com,39:00.0,Rana.d@pg.com,39:00.0
2956,Pantene Pro-V 2in1 shampoo + Conditioner Hair Fall Control New,Pantene Pro-V Hair Science Silky Smooth Shampoo New,0,Rana.d@pg.com,39:00.0,Rana.d@pg.com,39:00.0
2957,HC Base,Pantene Pro-V Hair Science Silky Smooth Shampoo New,1,Rana.d@pg.com,39:00.0,Rana.d@pg.com,39:00.0
2958,Pantene Pro-V 2in1 shampoo + Conditioner Silky Smooth New,H&S 2in1 AD Shampoo + Conditioner Menthol Fresh,0,Rana.d@pg.com,39:00.0,Rana.d@pg.com,39:00.0
2959,Pantene Pro-V 2in1 shampoo + Conditioner Silky Smooth New,H&S 2in1 AD Shiny Black (LCV),0,Rana.d@pg.com,39:00.0,Rana.d@pg.com,39:00.0
2960,Pantene Pro-V 2in1 shampoo + Conditioner Silky Smooth New,H&S AD 2in1 Soft & Silky (LCV),0,Rana.d@pg.com,39:00.0,Rana.d@pg.com,39:00.0
2961,Pantene Pro-V 2in1 shampoo + Conditioner Silky Smooth New,H&S Anti Dandruff Shampoo Cool Menthol (For Export only),0,Rana.d@pg.com,39:00.0,Rana.d@pg.com,39:00.0
2962,Pantene Pro-V 2in1 shampoo + Conditioner Silky Smooth New,H&S AD AHF (LCV),0,Rana.d@pg.com,39:00.0,Rana.d@pg.com,39:00.0
2963,Pantene Pro-V 2in1 shampoo + Conditioner Silky Smooth New,Pantene Pro-V Hair Science Luscious Thick shampoo,0,Rana.d@pg.com,39:00.0,Rana.d@pg.com,39:00.0
2964,Pantene Pro-V 2in1 shampoo + Conditioner Silky Smooth New,Pantene Pro-V Hair Science Luscious Thick shampoo New,0,Rana.d@pg.com,39:00.0,Rana.d@pg.com,39:00.0
2965,Pantene Pro-V 2in1 shampoo + Conditioner Silky Smooth New,Pantene Pro-V Hair Science Deep Repair shampoo,0,Rana.d@pg.com,39:00.0,Rana.d@pg.com,39:00.0
2966,Pantene Pro-V 2in1 shampoo + Conditioner Silky Smooth New,Pantene Pro-V Hair Science Hair fall Control shampoo,0,Rana.d@pg.com,39:00.0,Rana.d@pg.com,39:00.0
2967,Pantene Pro-V 2in1 shampoo + Conditioner Silky Smooth New,PTN Pro-V Hair Science Deep Repair Shampoo New,0,Rana.d@pg.com,39:00.0,Rana.d@pg.com,39:00.0
2968,Pantene Pro-V 2in1 shampoo + Conditioner Silky Smooth New,PTN Pro-V Hair Science Hair Fall Control Shampoo New,0,Rana.d@pg.com,39:00.0,Rana.d@pg.com,39:00.0
2969,Pantene Pro-V 2in1 shampoo + Conditioner Silky Smooth New,Pantene Pro-V Hair Science Healthy Shine shampoo,0,Rana.d@pg.com,39:00.0,Rana.d@pg.com,39:00.0
2970,Pantene Pro-V 2in1 shampoo + Conditioner Silky Smooth New,Pantene Pro-V Hair Science Silky Smooth shampoo,0,Rana.d@pg.com,39:00.0,Rana.d@pg.com,39:00.0
2971,Pantene Pro-V 2in1 shampoo + Conditioner Silky Smooth New,Pantene Pro-V Hair Science Healthy Shine Shampoo New,0,Rana.d@pg.com,39:00.0,Rana.d@pg.com,39:00.0
2972,Pantene Pro-V 2in1 shampoo + Conditioner Silky Smooth New,Pantene Pro-V Hair Science Silky Smooth Shampoo New,0,Rana.d@pg.com,39:00.0,Rana.d@pg.com,39:00.0
2973,Pantene Pro-V 2in1 shampoo + Conditioner Silky Smooth New,PTN Pro-V 2 in1 Shampoo + Conditioner Silky Smooth(Athena),0,Rana.d@pg.com,39:00.0,Rana.d@pg.com,39:00.0
2974,Pantene Pro-V 2in1 shampoo + Conditioner Silky Smooth New,Pantene Pro-V 2in1 shampoo + Conditioner Silky Smooth New,0,Rana.d@pg.com,39:00.0,Rana.d@pg.com,39:00.0
2975,Pantene Pro-V 2in1 shampoo + Conditioner Silky Smooth New,PTN Pro-V 2 in1 Shampoo + Conditioner Deep Repair(Athena),0,Rana.d@pg.com,39:00.0,Rana.d@pg.com,39:00.0
2976,Pantene Pro-V 2in1 shampoo + Conditioner Silky Smooth New,PTN Pro-V 2 in1 Shampoo + Conditioner Hair Fall Control(Athena),0,Rana.d@pg.com,39:00.0,Rana.d@pg.com,39:00.0
2977,Pantene Pro-V 2in1 shampoo + Conditioner Silky Smooth New,Pantene Pro-V 2in1 shampoo + Conditioner Deep Repair New,0,Rana.d@pg.com,39:00.0,Rana.d@pg.com,39:00.0
2978,Pantene Pro-V 2in1 shampoo + Conditioner Silky Smooth New,Pantene Pro-V 2in1 shampoo + Conditioner Hair Fall Control New,0,Rana.d@pg.com,39:00.0,Rana.d@pg.com,39:00.0
2979,Pantene Pro-V 2in1 shampoo + Conditioner Silky Smooth New,HC Base,1,Rana.d@pg.com,39:00.0,Rana.d@pg.com,39:00.0
2980,H&S 2in1 AD Shampoo + Conditioner Menthol Fresh,Pantene Pro-V 2in1 shampoo + Conditioner Silky Smooth New,0,Rana.d@pg.com,39:00.0,Rana.d@pg.com,39:00.0
2981,H&S 2in1 AD Shiny Black (LCV),Pantene Pro-V 2in1 shampoo + Conditioner Silky Smooth New,0,Rana.d@pg.com,39:00.0,Rana.d@pg.com,39:00.0
2982,H&S AD 2in1 Soft & Silky (LCV),Pantene Pro-V 2in1 shampoo + Conditioner Silky Smooth New,0,Rana.d@pg.com,39:00.0,Rana.d@pg.com,39:00.0
2983,H&S Anti Dandruff Shampoo Cool Menthol (For Export only),Pantene Pro-V 2in1 shampoo + Conditioner Silky Smooth New,0,Rana.d@pg.com,39:00.0,Rana.d@pg.com,39:00.0
2984,H&S AD AHF (LCV),Pantene Pro-V 2in1 shampoo + Conditioner Silky Smooth New,0,Rana.d@pg.com,39:00.0,Rana.d@pg.com,39:00.0
2985,Pantene Pro-V Hair Science Luscious Thick shampoo,Pantene Pro-V 2in1 shampoo + Conditioner Silky Smooth New,0,Rana.d@pg.com,39:00.0,Rana.d@pg.com,39:00.0
2986,Pantene Pro-V Hair Science Luscious Thick shampoo New,Pantene Pro-V 2in1 shampoo + Conditioner Silky Smooth New,0,Rana.d@pg.com,39:00.0,Rana.d@pg.com,39:00.0
2987,Pantene Pro-V Hair Science Deep Repair shampoo,Pantene Pro-V 2in1 shampoo + Conditioner Silky Smooth New,0,Rana.d@pg.com,39:00.0,Rana.d@pg.com,39:00.0
2988,Pantene Pro-V Hair Science Hair fall Control shampoo,Pantene Pro-V 2in1 shampoo + Conditioner Silky Smooth New,0,Rana.d@pg.com,39:00.0,Rana.d@pg.com,39:00.0
2989,PTN Pro-V Hair Science Deep Repair Shampoo New,Pantene Pro-V 2in1 shampoo + Conditioner Silky Smooth New,0,Rana.d@pg.com,39:00.0,Rana.d@pg.com,39:00.0
2990,PTN Pro-V Hair Science Hair Fall Control Shampoo New,Pantene Pro-V 2in1 shampoo + Conditioner Silky Smooth New,0,Rana.d@pg.com,39:00.0,Rana.d@pg.com,39:00.0
2991,Pantene Pro-V Hair Science Healthy Shine shampoo,Pantene Pro-V 2in1 shampoo + Conditioner Silky Smooth New,0,Rana.d@pg.com,39:00.0,Rana.d@pg.com,39:00.0
2992,Pantene Pro-V Hair Science Silky Smooth shampoo,Pantene Pro-V 2in1 shampoo + Conditioner Silky Smooth New,0,Rana.d@pg.com,39:00.0,Rana.d@pg.com,39:00.0
2993,Pantene Pro-V Hair Science Healthy Shine Shampoo New,Pantene Pro-V 2in1 shampoo + Conditioner Silky Smooth New,0,Rana.d@pg.com,39:00.0,Rana.d@pg.com,39:00.0
2994,Pantene Pro-V Hair Science Silky Smooth Shampoo New,Pantene Pro-V 2in1 shampoo + Conditioner Silky Smooth New,0,Rana.d@pg.com,39:00.0,Rana.d@pg.com,39:00.0
2995,PTN Pro-V 2 in1 Shampoo + Conditioner Silky Smooth(Athena),Pantene Pro-V 2in1 shampoo + Conditioner Silky Smooth New,0,Rana.d@pg.com,39:00.0,Rana.d@pg.com,39:00.0
2996,Pantene Pro-V 2in1 shampoo + Conditioner Silky Smooth New,Pantene Pro-V 2in1 shampoo + Conditioner Silky Smooth New,0,Rana.d@pg.com,39:00.0,Rana.d@pg.com,39:00.0
2997,PTN Pro-V 2 in1 Shampoo + Conditioner Deep Repair(Athena),Pantene Pro-V 2in1 shampoo + Conditioner Silky Smooth New,0,Rana.d@pg.com,39:00.0,Rana.d@pg.com,39:00.0
2998,PTN Pro-V 2 in1 Shampoo + Conditioner Hair Fall Control(Athena),Pantene Pro-V 2in1 shampoo + Conditioner Silky Smooth New,0,Rana.d@pg.com,39:00.0,Rana.d@pg.com,39:00.0
2999,Pantene Pro-V 2in1 shampoo + Conditioner Deep Repair New,Pantene Pro-V 2in1 shampoo + Conditioner Silky Smooth New,0,Rana.d@pg.com,39:00.0,Rana.d@pg.com,39:00.0
3000,Pantene Pro-V 2in1 shampoo + Conditioner Hair Fall Control New,Pantene Pro-V 2in1 shampoo + Conditioner Silky Smooth New,0,Rana.d@pg.com,39:00.0,Rana.d@pg.com,39:00.0
3001,HC Base,Pantene Pro-V 2in1 shampoo + Conditioner Silky Smooth New,1,Rana.d@pg.com,39:00.0,Rana.d@pg.com,39:00.0
3003,H&S AD Smooth & Silky (LCV),Pantene Pro-V 2in1 shampoo + Conditioner Deep Repair New,0,Rana.d@pg.com,02:33.7,NULL,NULL
3004,H&S AD Smooth & Silky (LCV),Pantene Pro-V 2in1 shampoo + Conditioner Deep Repair New,0,Rana.d@pg.com,39:00.0,Rana.d@pg.com,39:00.0
3005,H&S AD Smooth & Silky (LCV),Pantene Pro-V 2in1 shampoo + Conditioner Hair Fall Control New,0,Rana.d@pg.com,39:00.0,Rana.d@pg.com,39:00.0
3006,H&S AD Smooth & Silky (LCV),PTN Pro-V Hair Science Deep Repair Shampoo New,0,Rana.d@pg.com,39:00.0,Rana.d@pg.com,39:00.0
3007,H&S AD Smooth & Silky (LCV),PTN Pro-V Hair Science Hair Fall Control Shampoo New,0,Rana.d@pg.com,39:00.0,Rana.d@pg.com,39:00.0
3008,H&S AD Smooth & Silky (LCV),Pantene Pro-V Hair Science Luscious Thick shampoo New,0,Rana.d@pg.com,39:00.0,Rana.d@pg.com,39:00.0
3009,H&S AD Smooth & Silky (LCV),Pantene Pro-V Hair Science Healthy Shine Shampoo New,0,Rana.d@pg.com,39:00.0,Rana.d@pg.com,39:00.0
3010,H&S AD Smooth & Silky (LCV),Pantene Pro-V Hair Science Silky Smooth Shampoo New,0,Rana.d@pg.com,39:00.0,Rana.d@pg.com,39:00.0
3011,H&S AD Smooth & Silky (LCV),Pantene Pro-V 2in1 shampoo + Conditioner Silky Smooth New,0,Rana.d@pg.com,39:00.0,Rana.d@pg.com,39:00.0
3012,Pantene Pro-V 2in1 shampoo + Conditioner Deep Repair New,H&S AD Smooth & Silky (LCV),0,Rana.d@pg.com,02:33.7,NULL,NULL
3013,Pantene Pro-V 2in1 shampoo + Conditioner Hair Fall Control New,H&S AD Smooth & Silky (LCV),0,Rana.d@pg.com,02:33.7,NULL,NULL
3014,PTN Pro-V Hair Science Deep Repair Shampoo New,H&S AD Smooth & Silky (LCV),0,Rana.d@pg.com,02:33.7,NULL,NULL
3015,PTN Pro-V Hair Science Hair Fall Control Shampoo New,H&S AD Smooth & Silky (LCV),0,Rana.d@pg.com,02:33.7,NULL,NULL
3016,Pantene Pro-V Hair Science Luscious Thick shampoo New,H&S AD Smooth & Silky (LCV),0,Rana.d@pg.com,02:33.7,NULL,NULL
3017,Pantene Pro-V Hair Science Healthy Shine Shampoo New,H&S AD Smooth & Silky (LCV),0,Rana.d@pg.com,02:33.7,NULL,NULL
3019,Pantene Pro-V Hair Science Silky Smooth Shampoo New,H&S AD Smooth & Silky (LCV),0,Rana.d@pg.com,39:00.0,Rana.d@pg.com,39:00.0
3020,Pantene Pro-V Hair Science Silky Smooth Shampoo New,H&S AD Smooth & Silky (LCV),0,Rana.d@pg.com,02:33.7,NULL,NULL
3021,Pantene Pro-V 2in1 shampoo + Conditioner Silky Smooth New,H&S AD Smooth & Silky (LCV),0,Rana.d@pg.com,02:33.7,NULL,NULL
